year,state,office,type,nextup,party,party_formal,name,inc,candidatevotes
2008,AL,P,G,2012,R,R,"MCCAIN, JOHN S.",0,1266546
2008,AL,P,G,2012,D,D,"OBAMA, BARACK",0,813479
2008,AL,P,G,2012,Oth,Independent,NA,0,16089
2008,AK,P,G,2012,R,R,"MCCAIN, JOHN S.",0,193841
2008,AK,P,G,2012,D,D,"OBAMA, BARACK",0,123594
2008,AK,P,G,2012,Oth,Independent,"NADER, RALPH",0,3783
2008,AK,P,G,2012,Oth,Alaskan Independence Party,"BALDWIN, CHARLES (CHUCK)",0,1660
2008,AK,P,G,2012,Lbt,Lbt,"BARR, BOB",0,1589
2008,AZ,P,G,2012,R,R,"MCCAIN, JOHN S.",0,1230111
2008,AZ,P,G,2012,D,D,"OBAMA, BARACK",0,1034707
2008,AZ,P,G,2012,Lbt,Lbt,"BARR, BOB",0,12555
2008,AZ,P,G,2012,Oth,Independent,"NADER, RALPH",0,11301
2008,AZ,P,G,2012,Oth,Grn,"MCKINNEY, CYNTHIA",0,3406
2008,AR,P,G,2012,R,R,"MCCAIN, JOHN S.",0,638017
2008,AR,P,G,2012,D,D,"OBAMA, BARACK",0,422310
2008,AR,P,G,2012,Oth,Independent,"NADER, RALPH",0,12882
2008,AR,P,G,2012,Lbt,Lbt,"BARR, BOB",0,4776
2008,AR,P,G,2012,Oth,Constitution Party,"BALDWIN, CHARLES (CHUCK)",0,4023
2008,AR,P,G,2012,Oth,Grn,"MCKINNEY, CYNTHIA",0,3470
2008,AR,P,G,2012,Oth,Socialism And Liberation Party,"LA RIVA, GLORIA ESTELLA",0,1139
2008,CA,P,G,2012,D,D,"OBAMA, BARACK",0,8274473
2008,CA,P,G,2012,R,R,"MCCAIN, JOHN S.",0,5011781
2008,CA,P,G,2012,Oth,Peace & Freedom,"NADER, RALPH",0,108381
2008,CA,P,G,2012,Lbt,Lbt,"BARR, BOB",0,67582
2008,CA,P,G,2012,Oth,American Independent Party,"KEYES, ALAN",0,40673
2008,CA,P,G,2012,Oth,Grn,"MCKINNEY, CYNTHIA",0,38774
2008,CA,P,G,2012,W-I,Independent,NA,0,20236
2008,CO,P,G,2012,D,D,"OBAMA, BARACK",0,1288576
2008,CO,P,G,2012,R,R,"MCCAIN, JOHN S.",0,1073589
2008,CO,P,G,2012,Oth,Independent,"NADER, RALPH",0,13350
2008,CO,P,G,2012,Lbt,Lbt,"BARR, BOB",0,10897
2008,CO,P,G,2012,Oth,Constitution Party,"BALDWIN, CHARLES (CHUCK)",0,6233
2008,CO,P,G,2012,Oth,America's Independent Party,"KEYES, ALAN",0,3051
2008,CO,P,G,2012,Oth,Grn,"MCKINNEY, CYNTHIA",0,2822
2008,CO,P,G,2012,Oth,Unaffiliated,"MCENULTY, FRANK",0,828
2008,CO,P,G,2012,Oth,Boston Tea Party,"JAY, CHARLES",0,598
2008,CO,P,G,2012,Oth,Heartquake '08,"ALLEN, JONATHAN",0,348
2008,CO,P,G,2012,Oth,Objectivist Party,"STEVENS, THOMAS R.",0,336
2008,CO,P,G,2012,Oth,Socialist,"MOORE, BRIAN",0,226
2008,CO,P,G,2012,Oth,Socialism And Liberation Party,"LA RIVA, GLORIA ESTELLA",0,158
2008,CO,P,G,2012,Oth,Socialist Workers,"HARRIS, JAMES",0,154
2008,CO,P,G,2012,Oth,U.s. Pacifist Party,"LYTTLE, BRADFORD",0,110
2008,CO,P,G,2012,Oth,Prohibition,"AMONDSON, GENE",0,85
2008,CT,P,G,2012,D,D,"OBAMA, BARACK",0,997772
2008,CT,P,G,2012,R,R,"MCCAIN, JOHN S.",0,629428
2008,CT,P,G,2012,Oth,Independent,"NADER, RALPH",0,19162
2008,DE,P,G,2012,D,D,"OBAMA, BARACK",0,255459
2008,DE,P,G,2012,R,R,"MCCAIN, JOHN S.",0,152374
2008,DE,P,G,2012,Oth,Independent,"NADER, RALPH",0,2401
2008,DE,P,G,2012,Lbt,Lbt,"BARR, BOB",0,1109
2008,DE,P,G,2012,Oth,Constitution Party,"BALDWIN, CHARLES (CHUCK)",0,626
2008,DE,P,G,2012,Oth,Grn,"MCKINNEY, CYNTHIA",0,385
2008,DE,P,G,2012,Oth,Socialist Workers,"CALERO, ROGER",0,58
2008,DC,P,G,2012,D,D,"OBAMA, BARACK",0,245800
2008,DC,P,G,2012,R,R,"MCCAIN, JOHN S.",0,17367
2008,DC,P,G,2012,Oth,Independent,"NADER, RALPH",0,958
2008,DC,P,G,2012,Oth,Grn,"MCKINNEY, CYNTHIA",0,590
2008,FL,P,G,2012,D,D,"OBAMA, BARACK",0,4282074
2008,FL,P,G,2012,R,R,"MCCAIN, JOHN S.",0,4045624
2008,FL,P,G,2012,Oth,Ecology Party Of Florida,"NADER, RALPH",0,28124
2008,FL,P,G,2012,Lbt,Lbt,"BARR, BOB",0,17218
2008,FL,P,G,2012,Oth,Constitution Party,"BALDWIN, CHARLES (CHUCK)",0,7915
2008,FL,P,G,2012,Oth,Grn,"MCKINNEY, CYNTHIA",0,2887
2008,FL,P,G,2012,Oth,America's Independent Party,"KEYES, ALAN",0,2550
2008,FL,P,G,2012,Oth,Socialism And Liberation Party,"LA RIVA, GLORIA ESTELLA",0,1516
2008,FL,P,G,2012,Oth,Boston Tea Party,"JAY, CHARLES",0,795
2008,FL,P,G,2012,Oth,Socialist Workers,"CALERO, ROGER",0,533
2008,FL,P,G,2012,Oth,Objectivist Party,"STEVENS, THOMAS R.",0,419
2008,FL,P,G,2012,Oth,Socialist,"MOORE, BRIAN",0,405
2008,FL,P,G,2012,Oth,Prohibition,"AMONDSON, GENE",0,293
2008,GA,P,G,2012,R,R,"MCCAIN, JOHN S.",0,2048759
2008,GA,P,G,2012,D,D,"OBAMA, BARACK",0,1844123
2008,GA,P,G,2012,Lbt,Lbt,"BARR, BOB",0,28731
2008,GA,P,G,2012,W-I,Independent,NA,0,1158
2008,HI,P,G,2012,D,D,"OBAMA, BARACK",0,325871
2008,HI,P,G,2012,R,R,"MCCAIN, JOHN S.",0,120566
2008,HI,P,G,2012,Oth,Independent,"NADER, RALPH",0,3825
2008,HI,P,G,2012,Lbt,Lbt,"BARR, BOB",0,1314
2008,HI,P,G,2012,Oth,Constitution Party,"BALDWIN, CHARLES (CHUCK)",0,1013
2008,HI,P,G,2012,Oth,Grn,"MCKINNEY, CYNTHIA",0,979
2008,ID,P,G,2012,R,R,"MCCAIN, JOHN S.",0,403012
2008,ID,P,G,2012,D,D,"OBAMA, BARACK",0,236440
2008,ID,P,G,2012,Oth,Independent,"NADER, RALPH",0,7175
2008,ID,P,G,2012,Oth,Constitution Party,"BALDWIN, CHARLES (CHUCK)",0,4747
2008,ID,P,G,2012,Lbt,Lbt,"BARR, BOB",0,3658
2008,IL,P,G,2012,D,D,"OBAMA, BARACK",0,3419348
2008,IL,P,G,2012,R,R,"MCCAIN, JOHN S.",0,2031179
2008,IL,P,G,2012,Oth,Independent,"NADER, RALPH",0,30948
2008,IL,P,G,2012,Lbt,Lbt,"BARR, BOB",0,19642
2008,IL,P,G,2012,Oth,Grn,"MCKINNEY, CYNTHIA",0,11838
2008,IL,P,G,2012,Oth,Constitution Party,"BALDWIN, CHARLES (CHUCK)",0,8256
2008,IL,P,G,2012,Oth,New,NA,0,1149
2008,IN,P,G,2012,D,D,"OBAMA, BARACK",0,1374039
2008,IN,P,G,2012,R,R,"MCCAIN, JOHN S.",0,1345648
2008,IN,P,G,2012,Lbt,Lbt,"BARR, BOB",0,29257
2008,IN,P,G,2012,W-I,Independent,"NADER, RALPH",0,909
2008,IA,P,G,2012,D,D,"OBAMA, BARACK",0,828940
2008,IA,P,G,2012,R,R,"MCCAIN, JOHN S.",0,682379
2008,IA,P,G,2012,Oth,Peace & Freedom,"NADER, RALPH",0,8014
2008,IA,P,G,2012,Lbt,Lbt,"BARR, BOB",0,4590
2008,IA,P,G,2012,Oth,Constitution Party,"BALDWIN, CHARLES (CHUCK)",0,4445
2008,IA,P,G,2012,Oth,Grn,"MCKINNEY, CYNTHIA",0,1423
2008,IA,P,G,2012,Oth,Socialist Workers,"HARRIS, JAMES",0,292
2008,IA,P,G,2012,Oth,Socialist,"MOORE, BRIAN",0,182
2008,IA,P,G,2012,Oth,Socialism And Liberation Party,"LA RIVA, GLORIA ESTELLA",0,121
2008,KS,P,G,2012,R,R,"MCCAIN, JOHN S.",0,699655
2008,KS,P,G,2012,D,D,"OBAMA, BARACK",0,514765
2008,KS,P,G,2012,Oth,Independent,"NADER, RALPH",0,10598
2008,KS,P,G,2012,Lbt,Lbt,"BARR, BOB",0,6706
2008,KS,P,G,2012,Oth,Reform Party,"BALDWIN, CHARLES (CHUCK)",0,4148
2008,KY,P,G,2012,R,R,"MCCAIN, JOHN S.",0,1048462
2008,KY,P,G,2012,D,D,"OBAMA, BARACK",0,751985
2008,KY,P,G,2012,Oth,Independent,"NADER, RALPH",0,15378
2008,KY,P,G,2012,Lbt,Lbt,"BARR, BOB",0,5989
2008,KY,P,G,2012,Oth,Constitution Party,"BALDWIN, CHARLES (CHUCK)",0,4694
2008,LA,P,G,2012,R,R,"MCCAIN, JOHN S.",0,1148275
2008,LA,P,G,2012,D,D,"OBAMA, BARACK",0,782989
2008,LA,P,G,2012,Oth,Louisiana Taxpayers Party,"PAUL, RONALD E. (RON)",0,9368
2008,LA,P,G,2012,Oth,Grn,"MCKINNEY, CYNTHIA",0,9187
2008,LA,P,G,2012,Oth,Independent,"NADER, RALPH",0,6997
2008,LA,P,G,2012,Oth,Constitution Party,"BALDWIN, CHARLES (CHUCK)",0,2581
2008,LA,P,G,2012,Oth,Socialist Workers,"HARRIS, JAMES",0,735
2008,LA,P,G,2012,Oth,Socialism And Liberation Party,"LA RIVA, GLORIA ESTELLA",0,354
2008,LA,P,G,2012,Oth,Prohibition,"AMONDSON, GENE",0,275
2008,ME,P,G,2012,D,D,"OBAMA, BARACK",0,421923
2008,ME,P,G,2012,R,R,"MCCAIN, JOHN S.",0,295273
2008,ME,P,G,2012,Oth,Independent,"NADER, RALPH",0,10636
2008,ME,P,G,2012,Oth,Grn,"MCKINNEY, CYNTHIA",0,2900
2008,MD,P,G,2012,D,D,"OBAMA, BARACK",0,1629467
2008,MD,P,G,2012,R,R,"MCCAIN, JOHN S.",0,959862
2008,MD,P,G,2012,Oth,Independent,"NADER, RALPH",0,14713
2008,MD,P,G,2012,Lbt,Lbt,"BARR, BOB",0,9842
2008,MD,P,G,2012,Oth,Grn,"MCKINNEY, CYNTHIA",0,4747
2008,MD,P,G,2012,Oth,Constitution Party,"BALDWIN, CHARLES (CHUCK)",0,3760
2008,MA,P,G,2012,D,D,"OBAMA, BARACK",0,1904097
2008,MA,P,G,2012,R,R,"MCCAIN, JOHN S.",0,1108854
2008,MA,P,G,2012,Oth,Independent,"NADER, RALPH",0,28841
2008,MA,P,G,2012,Lbt,Lbt,"BARR, BOB",0,13189
2008,MA,P,G,2012,Oth,Grn,"MCKINNEY, CYNTHIA",0,6550
2008,MA,P,G,2012,Oth,Constitution Party,"BALDWIN, CHARLES (CHUCK)",0,4971
2008,MI,P,G,2012,D,D,"OBAMA, BARACK",0,2872579
2008,MI,P,G,2012,R,R,"MCCAIN, JOHN S.",0,2048639
2008,MI,P,G,2012,Oth,Natural Law,"NADER, RALPH",0,33085
2008,MI,P,G,2012,Lbt,Lbt,"BARR, BOB",0,23716
2008,MI,P,G,2012,Oth,U.s. Taxpayers Party,"BALDWIN, CHARLES (CHUCK)",0,14685
2008,MI,P,G,2012,Oth,Grn,"MCKINNEY, CYNTHIA",0,8892
2008,MN,P,G,2012,D,D,"OBAMA, BARACK",0,1573354
2008,MN,P,G,2012,R,R,"MCCAIN, JOHN S.",0,1275409
2008,MN,P,G,2012,Oth,Independent,"NADER, RALPH",0,30152
2008,MN,P,G,2012,Lbt,Lbt,"BARR, BOB",0,9174
2008,MN,P,G,2012,Oth,Constitution Party,"BALDWIN, CHARLES (CHUCK)",0,6787
2008,MN,P,G,2012,Oth,Grn,"MCKINNEY, CYNTHIA",0,5174
2008,MN,P,G,2012,Oth,Socialist Workers,"CALERO, ROGER",0,790
2008,MS,P,G,2012,R,R,"MCCAIN, JOHN S.",0,724597
2008,MS,P,G,2012,D,D,"OBAMA, BARACK",0,554662
2008,MS,P,G,2012,Oth,Independent,"NADER, RALPH",0,4011
2008,MS,P,G,2012,Oth,Constitution Party,"BALDWIN, CHARLES (CHUCK)",0,2551
2008,MS,P,G,2012,Lbt,Lbt,"BARR, BOB",0,2529
2008,MS,P,G,2012,Oth,Grn,"MCKINNEY, CYNTHIA",0,1034
2008,MS,P,G,2012,Oth,Reform Party,"WEILL, TED",0,481
2008,MO,P,G,2012,R,R,"MCCAIN, JOHN S.",0,1445814
2008,MO,P,G,2012,D,D,"OBAMA, BARACK",0,1441911
2008,MO,P,G,2012,Oth,Independent,"NADER, RALPH",0,17813
2008,MO,P,G,2012,Lbt,Lbt,"BARR, BOB",0,11386
2008,MO,P,G,2012,Oth,Constitution Party,"BALDWIN, CHARLES (CHUCK)",0,8201
2008,MT,P,G,2012,R,R,"MCCAIN, JOHN S.",0,242763
2008,MT,P,G,2012,D,D,"OBAMA, BARACK",0,231667
2008,MT,P,G,2012,Oth,Constitution Party,"PAUL, RONALD E. (RON)",0,10638
2008,MT,P,G,2012,Oth,Independent,"NADER, RALPH",0,3686
2008,MT,P,G,2012,Lbt,Lbt,"BARR, BOB",0,1355
2008,NE,P,G,2012,R,R,"MCCAIN, JOHN S.",0,452979
2008,NE,P,G,2012,D,D,"OBAMA, BARACK",0,333319
2008,NE,P,G,2012,Oth,Independent,"NADER, RALPH",0,5406
2008,NE,P,G,2012,Oth,Nebraska Party,"BALDWIN, CHARLES (CHUCK)",0,2972
2008,NE,P,G,2012,Lbt,Lbt,"BARR, BOB",0,2740
2008,NE,P,G,2012,Oth,Grn,"MCKINNEY, CYNTHIA",0,1028
2008,NV,P,G,2012,D,D,"OBAMA, BARACK",0,533736
2008,NV,P,G,2012,R,R,"MCCAIN, JOHN S.",0,412827
2008,NV,P,G,2012,Oth,Independent,"NADER, RALPH",0,6150
2008,NV,P,G,2012,Lbt,Lbt,"BARR, BOB",0,4263
2008,NV,P,G,2012,Oth,Independent American,"BALDWIN, CHARLES (CHUCK)",0,3194
2008,NV,P,G,2012,Oth,Grn,"MCKINNEY, CYNTHIA",0,1411
2008,NH,P,G,2012,D,D,"OBAMA, BARACK",0,384826
2008,NH,P,G,2012,R,R,"MCCAIN, JOHN S.",0,316534
2008,NH,P,G,2012,Oth,Independent,"NADER, RALPH",0,3503
2008,NH,P,G,2012,Lbt,Lbt,"BARR, BOB",0,2748
2008,NJ,P,G,2012,D,D,"OBAMA, BARACK",0,2215422
2008,NJ,P,G,2012,R,R,"MCCAIN, JOHN S.",0,1613207
2008,NJ,P,G,2012,Oth,Independent,"NADER, RALPH",0,21298
2008,NJ,P,G,2012,Lbt,Lbt,"BARR, BOB",0,8441
2008,NJ,P,G,2012,Oth,Constitution Party,"BALDWIN, CHARLES (CHUCK)",0,3956
2008,NJ,P,G,2012,Oth,Grn,"MCKINNEY, CYNTHIA",0,3636
2008,NJ,P,G,2012,Oth,Socialist,"MOORE, BRIAN",0,699
2008,NJ,P,G,2012,Oth,Vote Here,"BOSS, JEFFERY",0,639
2008,NJ,P,G,2012,Oth,Socialist Workers,"CALERO, ROGER",0,523
2008,NJ,P,G,2012,Oth,Socialism And Liberation Party,"LA RIVA, GLORIA ESTELLA",0,416
2008,NM,P,G,2012,D,D,"OBAMA, BARACK",0,472422
2008,NM,P,G,2012,R,R,"MCCAIN, JOHN S.",0,346832
2008,NM,P,G,2012,Oth,Independent,"NADER, RALPH",0,5327
2008,NM,P,G,2012,Lbt,Lbt,"BARR, BOB",0,2428
2008,NM,P,G,2012,Oth,Constitution Party,"BALDWIN, CHARLES (CHUCK)",0,1597
2008,NM,P,G,2012,Oth,Grn,"MCKINNEY, CYNTHIA",0,1552
2008,NY,P,G,2012,D,D,"OBAMA, BARACK",0,4645332
2008,NY,P,G,2012,R,R,"MCCAIN, JOHN S.",0,2418323
2008,NY,P,G,2012,Oth,Conservative,"MCCAIN, JOHN S.",0,170475
2008,NY,P,G,2012,Oth,Independence,"MCCAIN, JOHN S.",0,163973
2008,NY,P,G,2012,Oth,Working Families,"OBAMA, BARACK",0,159613
2008,NY,P,G,2012,Oth,Populist,"NADER, RALPH",0,41249
2008,NY,P,G,2012,Lbt,Lbt,"BARR, BOB",0,19596
2008,NY,P,G,2012,Oth,Grn,"MCKINNEY, CYNTHIA",0,12801
2008,NY,P,G,2012,Oth,Socialist Workers,"HARRIS, JAMES",0,3615
2008,NY,P,G,2012,Oth,Socialism And Liberation Party,"LA RIVA, GLORIA ESTELLA",0,1639
2008,NC,P,G,2012,D,D,"OBAMA, BARACK",0,2142651
2008,NC,P,G,2012,R,R,"MCCAIN, JOHN S.",0,2128474
2008,NC,P,G,2012,Lbt,Lbt,"BARR, BOB",0,25722
2008,NC,P,G,2012,W-I,Independent,"NADER, RALPH",0,1510
2008,ND,P,G,2012,R,R,"MCCAIN, JOHN S.",0,168601
2008,ND,P,G,2012,D,D,"OBAMA, BARACK",0,141278
2008,ND,P,G,2012,Oth,Independent,"NADER, RALPH",0,4189
2008,ND,P,G,2012,Lbt,Lbt,"BARR, BOB",0,1354
2008,ND,P,G,2012,Oth,Constitution Party,"BALDWIN, CHARLES (CHUCK)",0,1199
2008,OH,P,G,2012,D,D,"OBAMA, BARACK",0,2940044
2008,OH,P,G,2012,R,R,"MCCAIN, JOHN S.",0,2677820
2008,OH,P,G,2012,Oth,Independent,"NADER, RALPH",0,46242
2008,OH,P,G,2012,Lbt,Lbt,"BARR, BOB",0,19917
2008,OH,P,G,2012,Oth,Constitution Party,"BALDWIN, CHARLES (CHUCK)",0,12565
2008,OH,P,G,2012,Oth,Grn,"MCKINNEY, CYNTHIA",0,8518
2008,OH,P,G,2012,Oth,Socialist,"MOORE, BRIAN",0,2735
2008,OH,P,G,2012,W-I,Independent,NA,0,509
2008,OK,P,G,2012,R,R,"MCCAIN, JOHN S.",0,960165
2008,OK,P,G,2012,D,D,"OBAMA, BARACK",0,502496
2008,OR,P,G,2012,D,D,"OBAMA, BARACK",0,1037291
2008,OR,P,G,2012,R,R,"MCCAIN, JOHN S.",0,738475
2008,OR,P,G,2012,Oth,Peace Party,"NADER, RALPH",0,18614
2008,OR,P,G,2012,Oth,Constitution Party,"BALDWIN, CHARLES (CHUCK)",0,7693
2008,OR,P,G,2012,Lbt,Lbt,NA,0,7635
2008,OR,P,G,2012,Oth,Grn,"MCKINNEY, CYNTHIA",0,4543
2008,PA,P,G,2012,D,D,"OBAMA, BARACK",0,3276363
2008,PA,P,G,2012,R,R,"MCCAIN, JOHN S.",0,2655885
2008,PA,P,G,2012,Oth,Independent,"NADER, RALPH",0,42977
2008,PA,P,G,2012,Lbt,Lbt,"BARR, BOB",0,19912
2008,RI,P,G,2012,D,D,"OBAMA, BARACK",0,296571
2008,RI,P,G,2012,R,R,"MCCAIN, JOHN S.",0,165391
2008,RI,P,G,2012,Oth,Independent,"NADER, RALPH",0,4829
2008,RI,P,G,2012,Lbt,Lbt,"BARR, BOB",0,1382
2008,RI,P,G,2012,Oth,Grn,"MCKINNEY, CYNTHIA",0,797
2008,RI,P,G,2012,Oth,Constitution Party,"BALDWIN, CHARLES (CHUCK)",0,675
2008,RI,P,G,2012,Oth,Socialism And Liberation Party,"LA RIVA, GLORIA ESTELLA",0,122
2008,SC,P,G,2012,R,R,"MCCAIN, JOHN S.",0,1034896
2008,SC,P,G,2012,D,D,"OBAMA, BARACK",0,862449
2008,SC,P,G,2012,Lbt,Lbt,"BARR, BOB",0,7283
2008,SC,P,G,2012,Oth,Constitution Party,"BALDWIN, CHARLES (CHUCK)",0,6827
2008,SC,P,G,2012,Oth,Independent,"NADER, RALPH",0,5053
2008,SC,P,G,2012,Oth,Grn,"MCKINNEY, CYNTHIA",0,4461
2008,SD,P,G,2012,R,R,"MCCAIN, JOHN S.",0,203054
2008,SD,P,G,2012,D,D,"OBAMA, BARACK",0,170924
2008,SD,P,G,2012,Oth,Independent,"NADER, RALPH",0,4267
2008,SD,P,G,2012,Oth,Constitution Party,"BALDWIN, CHARLES (CHUCK)",0,1895
2008,SD,P,G,2012,Lbt,Lbt,"BARR, BOB",0,1835
2008,TN,P,G,2012,R,R,"MCCAIN, JOHN S.",0,1479178
2008,TN,P,G,2012,D,D,"OBAMA, BARACK",0,1087437
2008,TN,P,G,2012,Oth,Independent,NA,0,33134
2008,TX,P,G,2012,R,R,"MCCAIN, JOHN S.",0,4479328
2008,TX,P,G,2012,D,D,"OBAMA, BARACK",0,3528633
2008,TX,P,G,2012,Lbt,Lbt,"BARR, BOB",0,56116
2008,TX,P,G,2012,W-I,Independent,"NADER, RALPH",0,5751
2008,UT,P,G,2012,R,R,"MCCAIN, JOHN S.",0,596030
2008,UT,P,G,2012,D,D,"OBAMA, BARACK",0,327670
2008,UT,P,G,2012,Oth,Constitution Party,"BALDWIN, CHARLES (CHUCK)",0,12012
2008,UT,P,G,2012,Oth,Peace & Freedom,"NADER, RALPH",0,8416
2008,UT,P,G,2012,Lbt,Lbt,"BARR, BOB",0,6966
2008,UT,P,G,2012,Oth,Grn,"MCKINNEY, CYNTHIA",0,982
2008,UT,P,G,2012,Oth,Socialism And Liberation Party,"LA RIVA, GLORIA ESTELLA",0,262
2008,VT,P,G,2012,D,D,"OBAMA, BARACK",0,219262
2008,VT,P,G,2012,R,R,"MCCAIN, JOHN S.",0,98974
2008,VT,P,G,2012,Oth,Independent,"NADER, RALPH",0,3339
2008,VT,P,G,2012,Lbt,Lbt,"BARR, BOB",0,1067
2008,VT,P,G,2012,Oth,Constitution Party,"BALDWIN, CHARLES (CHUCK)",0,500
2008,VT,P,G,2012,Oth,Socialist Workers,"CALERO, ROGER",0,150
2008,VT,P,G,2012,Oth,Socialism And Liberation Party,"LA RIVA, GLORIA ESTELLA",0,149
2008,VT,P,G,2012,Oth,Liberty Union Party,"MOORE, BRIAN",0,141
2008,VA,P,G,2012,D,D,"OBAMA, BARACK",0,1959532
2008,VA,P,G,2012,R,R,"MCCAIN, JOHN S.",0,1725005
2008,VA,P,G,2012,Oth,Independent,"NADER, RALPH",0,11483
2008,VA,P,G,2012,Lbt,Lbt,"BARR, BOB",0,11067
2008,VA,P,G,2012,Oth,Independent Green,"BALDWIN, CHARLES (CHUCK)",0,7474
2008,VA,P,G,2012,Oth,Grn,"MCKINNEY, CYNTHIA",0,2344
2008,WA,P,G,2012,D,D,"OBAMA, BARACK",0,1750848
2008,WA,P,G,2012,R,R,"MCCAIN, JOHN S.",0,1229216
2008,WA,P,G,2012,Oth,Independent,"NADER, RALPH",0,29489
2008,WA,P,G,2012,Lbt,Lbt,"BARR, BOB",0,12728
2008,WA,P,G,2012,Oth,Constitution Party,"BALDWIN, CHARLES (CHUCK)",0,9432
2008,WA,P,G,2012,Oth,Grn,"MCKINNEY, CYNTHIA",0,3819
2008,WA,P,G,2012,Oth,Socialism And Liberation Party,"LA RIVA, GLORIA ESTELLA",0,705
2008,WA,P,G,2012,Oth,Socialist Workers,"HARRIS, JAMES",0,641
2008,WV,P,G,2012,R,R,"MCCAIN, JOHN S.",0,397466
2008,WV,P,G,2012,D,D,"OBAMA, BARACK",0,303857
2008,WV,P,G,2012,Oth,Independent,"NADER, RALPH",0,7219
2008,WV,P,G,2012,Oth,Constitution Party,"BALDWIN, CHARLES (CHUCK)",0,2465
2008,WV,P,G,2012,Oth,Mountain Party,"MCKINNEY, CYNTHIA",0,2355
2008,WI,P,G,2012,D,D,"OBAMA, BARACK",0,1677211
2008,WI,P,G,2012,R,R,"MCCAIN, JOHN S.",0,1262393
2008,WI,P,G,2012,Oth,Independent,"NADER, RALPH",0,17605
2008,WI,P,G,2012,Lbt,Lbt,"BARR, BOB",0,8858
2008,WI,P,G,2012,Oth,Constitution Party,"BALDWIN, CHARLES (CHUCK)",0,5072
2008,WI,P,G,2012,Oth,Grn,"MCKINNEY, CYNTHIA",0,4216
2008,WI,P,G,2012,Oth,We The People,"WAMBOLDT, JEFFREY",0,764
2008,WI,P,G,2012,Oth,Socialist Party Usa,"MOORE, BRIAN",0,540
2008,WI,P,G,2012,Oth,Socialism And Liberation Party,"LA RIVA, GLORIA ESTELLA",0,237
2008,WY,P,G,2012,R,R,"MCCAIN, JOHN S.",0,164958
2008,WY,P,G,2012,D,D,"OBAMA, BARACK",0,82868
2008,WY,P,G,2012,Oth,Independent,NA,0,3717
2008,WY,P,G,2012,Lbt,Lbt,"BARR, BOB",0,1594
2012,AL,P,G,2016,R,R,"ROMNEY, MITT",0,1255925
2012,AL,P,G,2016,D,D,"OBAMA, BARACK",1,795696
2012,AL,P,G,2016,Oth,Independent,NA,0,18706
2012,AK,P,G,2016,R,R,"ROMNEY, MITT",0,164676
2012,AK,P,G,2016,D,D,"OBAMA, BARACK",1,122640
2012,AK,P,G,2016,Lbt,Lbt,"JOHNSON, GARY",0,7392
2012,AK,P,G,2016,Oth,Grn,"STEIN, JILL",0,2917
2012,AZ,P,G,2016,R,R,"ROMNEY, MITT",0,1233654
2012,AZ,P,G,2016,D,D,"OBAMA, BARACK",1,1025232
2012,AZ,P,G,2016,Lbt,Lbt,"JOHNSON, GARY",0,32100
2012,AZ,P,G,2016,Oth,Grn,"STEIN, JILL",0,7816
2012,AR,P,G,2016,R,R,"ROMNEY, MITT",0,647744
2012,AR,P,G,2016,D,D,"OBAMA, BARACK",1,394409
2012,AR,P,G,2016,Lbt,Lbt,"JOHNSON, GARY",0,16276
2012,AR,P,G,2016,Oth,Grn,"STEIN, JILL",0,9305
2012,AR,P,G,2016,Oth,Socialism And Liberation Party,"LA RIVA, GLORIA ESTELLA",0,1734
2012,CA,P,G,2016,D,D,"OBAMA, BARACK",1,7854285
2012,CA,P,G,2016,R,R,"ROMNEY, MITT",0,4839958
2012,CA,P,G,2016,Lbt,Lbt,"JOHNSON, GARY",0,143221
2012,CA,P,G,2016,Oth,Grn,"STEIN, JILL",0,85638
2012,CA,P,G,2016,Oth,Peace & Freedom,"BARR, ROSEANNE",0,53824
2012,CA,P,G,2016,Oth,American Independent Party,"HOEFLING, THOMAS CONRAD (TOM)",0,38372
2012,CO,P,G,2016,D,D,"OBAMA, BARACK",1,1323101
2012,CO,P,G,2016,R,R,"ROMNEY, MITT",0,1185243
2012,CO,P,G,2016,Lbt,Lbt,"JOHNSON, GARY",0,35545
2012,CO,P,G,2016,Oth,Grn,"STEIN, JILL",0,7508
2012,CO,P,G,2016,Oth,American Constitution Party,"GOODE, VIRGIL HAMLIN, JR.",0,6234
2012,CO,P,G,2016,Oth,Peace & Freedom,"BARR, ROSEANNE",0,5057
2012,CO,P,G,2016,Oth,No Party Affiliation,"REED, JILL ANN",0,2588
2012,CO,P,G,2016,Oth,Justice,"ANDERSON, ROSS CARL (ROCKY)",0,1262
2012,CO,P,G,2016,Oth,We The People,"TITTLE, SHEILA (SAMM)",0,791
2012,CO,P,G,2016,Oth,America's Party,"HOEFLING, THOMAS CONRAD (TOM)",0,679
2012,CO,P,G,2016,Oth,Socialism And Liberation Party,"LA RIVA, GLORIA ESTELLA",0,317
2012,CO,P,G,2016,Oth,Socialist,"ALEXANDER, STEWART",0,308
2012,CO,P,G,2016,Oth,American Third Position,"MILLER, MERLIN",0,267
2012,CO,P,G,2016,Oth,Objectivist Party,"STEVENS, THOMAS ROBERT (TOM)",0,235
2012,CO,P,G,2016,Oth,Socialist Workers,"HARRIS, JAMES",0,192
2012,CO,P,G,2016,Oth,Socialist Equality Party,"WHITE, JERRY",0,189
2012,CT,P,G,2016,D,D,"OBAMA, BARACK",1,905083
2012,CT,P,G,2016,R,R,"ROMNEY, MITT",0,634892
2012,CT,P,G,2016,Lbt,Lbt,"JOHNSON, GARY",0,12340
2012,CT,P,G,2016,Oth,Independent,NA,0,4971
2012,DE,P,G,2016,D,D,"OBAMA, BARACK",1,242584
2012,DE,P,G,2016,R,R,"ROMNEY, MITT",0,165484
2012,DE,P,G,2016,Lbt,Lbt,"JOHNSON, GARY",0,3882
2012,DE,P,G,2016,Oth,Grn,"STEIN, JILL",0,1940
2012,DC,P,G,2016,D,D,"OBAMA, BARACK",1,267070
2012,DC,P,G,2016,R,R,"ROMNEY, MITT",0,21381
2012,DC,P,G,2016,Oth,D.c. Statehood Green,"STEIN, JILL",0,2458
2012,DC,P,G,2016,Lbt,Lbt,"JOHNSON, GARY",0,2083
2012,FL,P,G,2016,D,D,"OBAMA, BARACK",1,4237756
2012,FL,P,G,2016,R,R,"ROMNEY, MITT",0,4163447
2012,FL,P,G,2016,Lbt,Lbt,"JOHNSON, GARY",0,44726
2012,FL,P,G,2016,Oth,Grn,"STEIN, JILL",0,8947
2012,FL,P,G,2016,Oth,Peace & Freedom,"BARR, ROSEANNE",0,8154
2012,FL,P,G,2016,Oth,Objectivist Party,"STEVENS, THOMAS ROBERT (TOM)",0,3856
2012,FL,P,G,2016,Oth,Constitution Party,"GOODE, VIRGIL HAMLIN, JR.",0,2607
2012,FL,P,G,2016,Oth,Justice,"ANDERSON, ROSS CARL (ROCKY)",0,1754
2012,FL,P,G,2016,Oth,American Independent,"HOEFLING, THOMAS CONRAD (TOM)",0,946
2012,FL,P,G,2016,Oth,Reform Party,"BARNETT, ANDRE",0,820
2012,FL,P,G,2016,Oth,Socialist,"ALEXANDER, STEWART",0,799
2012,FL,P,G,2016,Oth,Socialism And Liberation Party,"LINDSAY, PETA",0,322
2012,GA,P,G,2016,R,R,"ROMNEY, MITT",0,2078688
2012,GA,P,G,2016,D,D,"OBAMA, BARACK",1,1773827
2012,GA,P,G,2016,Lbt,Lbt,"JOHNSON, GARY",0,45324
2012,HI,P,G,2016,D,D,"OBAMA, BARACK",1,306658
2012,HI,P,G,2016,R,R,"ROMNEY, MITT",0,121015
2012,HI,P,G,2016,Lbt,Lbt,"JOHNSON, GARY",0,3840
2012,HI,P,G,2016,Oth,Grn,"STEIN, JILL",0,3184
2012,ID,P,G,2016,R,R,"ROMNEY, MITT",0,420911
2012,ID,P,G,2016,D,D,"OBAMA, BARACK",1,212787
2012,ID,P,G,2016,Lbt,Lbt,"JOHNSON, GARY",0,9453
2012,ID,P,G,2016,Oth,Independent,NA,0,6901
2012,ID,P,G,2016,Oth,Constitution Party,"GOODE, VIRGIL HAMLIN, JR.",0,2222
2012,IL,P,G,2016,D,D,"OBAMA, BARACK",1,3019512
2012,IL,P,G,2016,R,R,"ROMNEY, MITT",0,2135216
2012,IL,P,G,2016,Lbt,Lbt,"JOHNSON, GARY",0,56229
2012,IL,P,G,2016,Oth,Grn,"STEIN, JILL",0,30222
2012,IN,P,G,2016,R,R,"ROMNEY, MITT",0,1420543
2012,IN,P,G,2016,D,D,"OBAMA, BARACK",1,1152887
2012,IN,P,G,2016,Lbt,Lbt,"JOHNSON, GARY",0,50111
2012,IA,P,G,2016,D,D,"OBAMA, BARACK",1,822544
2012,IA,P,G,2016,R,R,"ROMNEY, MITT",0,730617
2012,IA,P,G,2016,Lbt,Lbt,"JOHNSON, GARY",0,12926
2012,IA,P,G,2016,Oth,Grn,"STEIN, JILL",0,3769
2012,IA,P,G,2016,Oth,Constitution Party,"GOODE, VIRGIL HAMLIN, JR.",0,3038
2012,IA,P,G,2016,Oth,Nominated By Petition,NA,0,1027
2012,IA,P,G,2016,Oth,Socialist Workers,"HARRIS, JAMES",0,445
2012,IA,P,G,2016,Oth,Socialism And Liberation Party,"LA RIVA, GLORIA ESTELLA",0,372
2012,KS,P,G,2016,R,R,"ROMNEY, MITT",0,692634
2012,KS,P,G,2016,D,D,"OBAMA, BARACK",1,440726
2012,KS,P,G,2016,Lbt,Lbt,"JOHNSON, GARY",0,20456
2012,KS,P,G,2016,Oth,Reform Party,"BALDWIN, CHARLES (CHUCK)",0,5017
2012,KY,P,G,2016,R,R,"ROMNEY, MITT",0,1087190
2012,KY,P,G,2016,D,D,"OBAMA, BARACK",1,679370
2012,KY,P,G,2016,Lbt,Lbt,"JOHNSON, GARY",0,17063
2012,KY,P,G,2016,Oth,Independent,"TERRY, RANDALL",0,6872
2012,KY,P,G,2016,Oth,Grn,"STEIN, JILL",0,6337
2012,LA,P,G,2016,R,R,"ROMNEY, MITT",0,1152262
2012,LA,P,G,2016,D,D,"OBAMA, BARACK",1,809141
2012,LA,P,G,2016,Lbt,Lbt,"JOHNSON, GARY",0,18157
2012,LA,P,G,2016,Oth,Grn,"STEIN, JILL",0,6978
2012,LA,P,G,2016,Oth,Constitution Party,"GOODE, VIRGIL HAMLIN, JR.",0,2508
2012,LA,P,G,2016,Oth,We The People,"TITTLE, SHEILA (SAMM)",0,1767
2012,LA,P,G,2016,Oth,Justice,"ANDERSON, ROSS CARL (ROCKY)",0,1368
2012,LA,P,G,2016,Oth,Socialism And Liberation Party,"LINDSAY, PETA",0,622
2012,LA,P,G,2016,Oth,Prohibition,"FELLURE, LOWELL JACKSON (JACK)",0,518
2012,LA,P,G,2016,Oth,Socialist Workers,"HARRIS, JAMES",0,389
2012,LA,P,G,2016,Oth,Socialist Equality Party,"WHITE, JEROME (JERRY)",0,355
2012,ME,P,G,2016,D,D,"OBAMA, BARACK",1,401306
2012,ME,P,G,2016,R,R,"ROMNEY, MITT",0,292276
2012,ME,P,G,2016,Lbt,Lbt,"JOHNSON, GARY",0,9352
2012,ME,P,G,2016,Oth,Grn,"STEIN, JILL",0,8119
2012,MD,P,G,2016,D,D,"OBAMA, BARACK",1,1677844
2012,MD,P,G,2016,R,R,"ROMNEY, MITT",0,971869
2012,MD,P,G,2016,Lbt,Lbt,"JOHNSON, GARY",0,30195
2012,MD,P,G,2016,Oth,Grn,"STEIN, JILL",0,17110
2012,MA,P,G,2016,D,D,"OBAMA, BARACK",1,1921290
2012,MA,P,G,2016,R,R,"ROMNEY, MITT",0,1188314
2012,MA,P,G,2016,Lbt,Lbt,"JOHNSON, GARY",0,30920
2012,MA,P,G,2016,Oth,Green-Rainbow,"STEIN, JILL",0,20691
2012,MI,P,G,2016,D,D,"OBAMA, BARACK",1,2564569
2012,MI,P,G,2016,R,R,"ROMNEY, MITT",0,2115256
2012,MI,P,G,2016,Oth,Grn,"STEIN, JILL",0,21897
2012,MI,P,G,2016,Oth,U.s. Taxpayers Party,"GOODE, VIRGIL HAMLIN, JR.",0,16119
2012,MI,P,G,2016,Oth,Natural Law,"ANDERSON, ROSS CARL (ROCKY)",0,5147
2012,MN,P,G,2016,D,Democratic-Farmer-Labor,"OBAMA, BARACK",1,1546167
2012,MN,P,G,2016,R,R,"ROMNEY, MITT",0,1320225
2012,MN,P,G,2016,Lbt,Lbt,"JOHNSON, GARY",0,35098
2012,MN,P,G,2016,Oth,Grn,"STEIN, JILL",0,13023
2012,MN,P,G,2016,Oth,Constitution Party,"GOODE, VIRGIL HAMLIN, JR.",0,3722
2012,MN,P,G,2016,Oth,Grassroots,"CARLSON, JIM",0,3149
2012,MN,P,G,2016,Oth,Justice,"ANDERSON, ROSS CARL (ROCKY)",0,1996
2012,MN,P,G,2016,Oth,Constitutional Government,"MORSTAD, DEAN",0,1092
2012,MN,P,G,2016,Oth,Socialist Workers,"HARRIS, JAMES",0,1051
2012,MN,P,G,2016,Oth,Socialism And Liberation Party,"LINDSAY, PETA",0,397
2012,MS,P,G,2016,R,R,"ROMNEY, MITT",0,710746
2012,MS,P,G,2016,D,D,"OBAMA, BARACK",1,562949
2012,MS,P,G,2016,Lbt,Lbt,"JOHNSON, GARY",0,6676
2012,MS,P,G,2016,Oth,Constitution Party,"GOODE, VIRGIL HAMLIN, JR.",0,2609
2012,MS,P,G,2016,Oth,Grn,"STEIN, JILL",0,1588
2012,MS,P,G,2016,Oth,Reform Party,"WASHER, BARBARA DALE",0,1016
2012,MO,P,G,2016,R,R,"ROMNEY, MITT",0,1482440
2012,MO,P,G,2016,D,D,"OBAMA, BARACK",1,1223796
2012,MO,P,G,2016,Lbt,Lbt,"JOHNSON, GARY",0,43151
2012,MO,P,G,2016,Oth,Constitution Party,"GOODE, VIRGIL HAMLIN, JR.",0,7936
2012,MT,P,G,2016,R,R,"ROMNEY, MITT",0,267928
2012,MT,P,G,2016,D,D,"OBAMA, BARACK",1,201839
2012,MT,P,G,2016,Lbt,Lbt,"JOHNSON, GARY",0,14165
2012,NE,P,G,2016,R,R,"ROMNEY, MITT",0,475064
2012,NE,P,G,2016,D,D,"OBAMA, BARACK",1,302081
2012,NE,P,G,2016,Lbt,Lbt,"JOHNSON, GARY",0,11109
2012,NE,P,G,2016,Oth,Nominated By Petition,NA,0,2408
2012,NV,P,G,2016,D,D,"OBAMA, BARACK",1,531373
2012,NV,P,G,2016,R,R,"ROMNEY, MITT",0,463567
2012,NV,P,G,2016,Lbt,Lbt,"JOHNSON, GARY",0,10968
2012,NV,P,G,2016,Oth,Independent American,"GOODE, VIRGIL HAMLIN, JR.",0,3240
2012,NH,P,G,2016,D,D,"OBAMA, BARACK",1,369561
2012,NH,P,G,2016,R,R,"ROMNEY, MITT",0,329918
2012,NH,P,G,2016,Lbt,Lbt,"JOHNSON, GARY",0,8212
2012,NH,P,G,2016,Oth,Constitution Party,"GOODE, VIRGIL HAMLIN, JR.",0,708
2012,NJ,P,G,2016,D,D,"OBAMA, BARACK",1,2122786
2012,NJ,P,G,2016,R,R,"ROMNEY, MITT",0,1478088
2012,NJ,P,G,2016,Lbt,Lbt,"JOHNSON, GARY",0,21035
2012,NJ,P,G,2016,Oth,Grn,"STEIN, JILL",0,9886
2012,NJ,P,G,2016,Oth,Constitution Party,"GOODE, VIRGIL HAMLIN, JR.",0,2063
2012,NJ,P,G,2016,Oth,Justice,"ANDERSON, ROSS CARL (ROCKY)",0,1723
2012,NJ,P,G,2016,Oth,Nsa Did 911,"BOSS, JEFFERY",0,1024
2012,NJ,P,G,2016,Oth,Socialist Workers,"HARRIS, JAMES",0,709
2012,NJ,P,G,2016,Oth,American Third Position,"MILLER, MERLIN",0,664
2012,NJ,P,G,2016,Oth,Socialism And Liberation Party,"LINDSAY, PETA",0,521
2012,NM,P,G,2016,D,D,"OBAMA, BARACK",1,415335
2012,NM,P,G,2016,R,R,"ROMNEY, MITT",0,335788
2012,NM,P,G,2016,Lbt,Lbt,"JOHNSON, GARY",0,27788
2012,NM,P,G,2016,Oth,Grn,"STEIN, JILL",0,2691
2012,NM,P,G,2016,Oth,New Mexico Independent Party,NA,0,1174
2012,NM,P,G,2016,Oth,Constitution Party,"GOODE, VIRGIL HAMLIN, JR.",0,982
2012,NY,P,G,2016,D,D,"OBAMA, BARACK",1,4324228
2012,NY,P,G,2016,R,R,"ROMNEY, MITT",0,2223397
2012,NY,P,G,2016,Oth,Conservative,"ROMNEY, MITT",0,262035
2012,NY,P,G,2016,Oth,Working Families,"OBAMA, BARACK",1,147643
2012,NY,P,G,2016,Lbt,Lbt,"JOHNSON, GARY",0,47092
2012,NY,P,G,2016,Oth,Grn,"STEIN, JILL",0,39856
2012,NY,P,G,2016,Oth,Constitution Party,"GOODE, VIRGIL HAMLIN, JR.",0,6270
2012,NY,P,G,2016,Oth,Socialism And Liberation Party,"LINDSAY, PETA",0,2039
2012,NC,P,G,2016,R,R,"ROMNEY, MITT",0,2270395
2012,NC,P,G,2016,D,D,"OBAMA, BARACK",1,2178391
2012,NC,P,G,2016,Lbt,Lbt,"JOHNSON, GARY",0,44515
2012,ND,P,G,2016,R,R,"ROMNEY, MITT",0,188320
2012,ND,P,G,2016,D,D,"OBAMA, BARACK",1,124966
2012,ND,P,G,2016,Lbt,Lbt,"JOHNSON, GARY",0,5238
2012,ND,P,G,2016,Oth,Constitution Party,"GOODE, VIRGIL HAMLIN, JR.",0,1186
2012,ND,P,G,2016,Oth,Grn,"STEIN, JILL",0,1362
2012,OH,P,G,2016,D,D,"OBAMA, BARACK",1,2827621
2012,OH,P,G,2016,R,R,"ROMNEY, MITT",0,2661407
2012,OH,P,G,2016,Lbt,Lbt,"JOHNSON, GARY",0,49493
2012,OH,P,G,2016,Oth,Grn,"STEIN, JILL",0,18574
2012,OH,P,G,2016,Oth,Independent,"DUNCAN, RICHARD",0,12502
2012,OH,P,G,2016,Oth,Constitution Party,"GOODE, VIRGIL HAMLIN, JR.",0,8151
2012,OH,P,G,2016,Oth,Socialist,"ALEXANDER, STEWART",0,2967
2012,OK,P,G,2016,R,R,"ROMNEY, MITT",0,891325
2012,OK,P,G,2016,D,D,"OBAMA, BARACK",1,443547
2012,OR,P,G,2016,D,D,"OBAMA, BARACK",1,970488
2012,OR,P,G,2016,R,R,"ROMNEY, MITT",0,754175
2012,OR,P,G,2016,Lbt,Lbt,"JOHNSON, GARY",0,24089
2012,OR,P,G,2016,Oth,Pacific Green,"STEIN, JILL",0,19427
2012,OR,P,G,2016,Oth,Constitution Party,"CHRISTENSEN, WILL",0,4432
2012,OR,P,G,2016,Oth,Progressive,"ANDERSON, ROSS CARL (ROCKY)",0,3384
2012,PA,P,G,2016,D,D,"OBAMA, BARACK",1,2990274
2012,PA,P,G,2016,R,R,"ROMNEY, MITT",0,2680434
2012,PA,P,G,2016,Lbt,Lbt,"JOHNSON, GARY",0,49991
2012,PA,P,G,2016,Oth,Grn,"STEIN, JILL",0,21341
2012,RI,P,G,2016,D,D,"OBAMA, BARACK",1,279677
2012,RI,P,G,2016,R,R,"ROMNEY, MITT",0,157204
2012,RI,P,G,2016,Lbt,Lbt,"JOHNSON, GARY",0,4388
2012,RI,P,G,2016,Oth,Grn,"STEIN, JILL",0,2421
2012,RI,P,G,2016,Oth,Constitution Party,"GOODE, VIRGIL HAMLIN, JR.",0,430
2012,RI,P,G,2016,Oth,Justice,"ANDERSON, ROSS CARL (ROCKY)",0,416
2012,RI,P,G,2016,Oth,Socialism And Liberation Party,"LINDSAY, PETA",0,132
2012,SC,P,G,2016,R,R,"ROMNEY, MITT",0,1071645
2012,SC,P,G,2016,D,D,"OBAMA, BARACK",1,865941
2012,SC,P,G,2016,Lbt,Lbt,"JOHNSON, GARY",0,16321
2012,SC,P,G,2016,Oth,Grn,"STEIN, JILL",0,5446
2012,SC,P,G,2016,Oth,Constitution Party,"GOODE, VIRGIL HAMLIN, JR.",0,4765
2012,SD,P,G,2016,R,R,"ROMNEY, MITT",0,210610
2012,SD,P,G,2016,D,D,"OBAMA, BARACK",1,145039
2012,SD,P,G,2016,Lbt,Lbt,"JOHNSON, GARY",0,5795
2012,SD,P,G,2016,Oth,Constitution Party,"GOODE, VIRGIL HAMLIN, JR.",0,2371
2012,TN,P,G,2016,R,R,"ROMNEY, MITT",0,1462330
2012,TN,P,G,2016,D,D,"OBAMA, BARACK",1,960709
2012,TN,P,G,2016,Oth,Independent,NA,0,23001
2012,TN,P,G,2016,Oth,Grn,"STEIN, JILL",0,6515
2012,TN,P,G,2016,Oth,Constitution Party,"GOODE, VIRGIL HAMLIN, JR.",0,6022
2012,TX,P,G,2016,R,R,"ROMNEY, MITT",0,4569843
2012,TX,P,G,2016,D,D,"OBAMA, BARACK",1,3308124
2012,TX,P,G,2016,Lbt,Lbt,"JOHNSON, GARY",0,88580
2012,TX,P,G,2016,Oth,Grn,"STEIN, JILL",0,24657
2012,UT,P,G,2016,R,R,"ROMNEY, MITT",0,740600
2012,UT,P,G,2016,D,D,"OBAMA, BARACK",1,251813
2012,UT,P,G,2016,Lbt,Lbt,"JOHNSON, GARY",0,12572
2012,UT,P,G,2016,Oth,Justice,"ANDERSON, ROSS CARL (ROCKY)",0,5335
2012,UT,P,G,2016,Oth,Grn,"STEIN, JILL",0,3817
2012,UT,P,G,2016,Oth,Constitution Party,"GOODE, VIRGIL HAMLIN, JR.",0,2871
2012,UT,P,G,2016,Oth,No Party Affiliation,NA,0,393
2012,VT,P,G,2016,D,D,"OBAMA, BARACK",1,199239
2012,VT,P,G,2016,R,R,"ROMNEY, MITT",0,92698
2012,VT,P,G,2016,Lbt,Lbt,"JOHNSON, GARY",0,3487
2012,VT,P,G,2016,Oth,Justice,"ANDERSON, ROSS CARL (ROCKY)",0,1128
2012,VT,P,G,2016,Oth,Socialism And Liberation Party,"LINDSAY, PETA",0,695
2012,VA,P,G,2016,D,D,"OBAMA, BARACK",1,1971820
2012,VA,P,G,2016,R,R,"ROMNEY, MITT",0,1822522
2012,VA,P,G,2016,Lbt,Lbt,"JOHNSON, GARY",0,31216
2012,VA,P,G,2016,Oth,Constitution Party,"GOODE, VIRGIL HAMLIN, JR.",0,13058
2012,VA,P,G,2016,Oth,Grn,"STEIN, JILL",0,8627
2012,WA,P,G,2016,D,D,"OBAMA, BARACK",1,1755396
2012,WA,P,G,2016,R,R,"MITT, ROMNEY",0,1290670
2012,WA,P,G,2016,Lbt,Lbt,"JOHNSON, GARY",0,42202
2012,WA,P,G,2016,Oth,Grn,"STEIN, JILL",0,20928
2012,WA,P,G,2016,Oth,Constitution Party,"GOODE, VIRGIL HAMLIN, JR.",0,8851
2012,WA,P,G,2016,Oth,Justice,"ANDERSON, ROSS CARL (ROCKY)",0,4946
2012,WA,P,G,2016,Oth,Socialism And Liberation Party,"LINDSAY, PETA",0,1318
2012,WA,P,G,2016,Oth,Socialist Workers,"HARRIS, JAMES",0,1205
2012,WV,P,G,2016,R,R,"ROMNEY, MITT",0,417655
2012,WV,P,G,2016,D,D,"OBAMA, BARACK",1,238269
2012,WV,P,G,2016,Lbt,Lbt,"JOHNSON, GARY",0,6302
2012,WV,P,G,2016,Oth,Mountain Party,"STEIN, JILL",0,4406
2012,WV,P,G,2016,Oth,No Party Affiliation,NA,0,3806
2012,WI,P,G,2016,D,D,"OBAMA, BARACK",1,1620985
2012,WI,P,G,2016,R,R,"ROMNEY, MITT",0,1410966
2012,WI,P,G,2016,Oth,Independent,NA,0,29383
2012,WI,P,G,2016,Oth,Constitution Party,"GOODE, VIRGIL HAMLIN, JR.",0,4930
2012,WY,P,G,2016,R,R,"ROMNEY, MITT",0,170962
2012,WY,P,G,2016,D,D,"OBAMA, BARACK",1,69286
2012,WY,P,G,2016,Lbt,Lbt,"JOHNSON, GARY",0,5326
2012,WY,P,G,2016,Oth,Constitution Party,"GOODE, VIRGIL HAMLIN, JR.",0,1452
2016,AL,P,G,2020,R,R,"TRUMP, DONALD J.",0,1318255
2016,AL,P,G,2020,D,D,"CLINTON, HILLARY",0,729547
2016,AL,P,G,2020,Lbt,Lbt,"JOHNSON, GARY",0,44467
2016,AL,P,G,2020,Oth,Grn,"STEIN, JILL",0,9391
2016,AK,P,G,2020,R,R,"TRUMP, DONALD J.",0,163387
2016,AK,P,G,2020,D,D,"CLINTON, HILLARY",0,116454
2016,AK,P,G,2020,Lbt,Lbt,"JOHNSON, GARY",0,18725
2016,AK,P,G,2020,Oth,Grn,"STEIN, JILL",0,5735
2016,AK,P,G,2020,Oth,Constitution Party,"CASTLE, DARRELL L.",0,3866
2016,AK,P,G,2020,Oth,No Party Affiliation,"DE LA FUENTE, ROQUE (ROCKY)",0,1240
2016,AZ,P,G,2020,R,R,"TRUMP, DONALD J.",0,1252401
2016,AZ,P,G,2020,D,D,"CLINTON, HILLARY",0,1161167
2016,AZ,P,G,2020,Lbt,Lbt,"JOHNSON, GARY",0,106327
2016,AZ,P,G,2020,Oth,Grn,"STEIN, JILL",0,34345
2016,AZ,P,G,2020,W-I,Independent,NA,0,17473
2016,AZ,P,G,2020,W-I,Constitution Party,"CASTLE, DARRELL L.",0,1058
2016,AZ,P,G,2020,W-I,No Party Affiliation,NA,0,311
2016,AZ,P,G,2020,W-I,D,NA,0,42
2016,AZ,P,G,2020,W-I,American Delta Party,"DE LA FUENTE, ROQUE (ROCKY)",0,29
2016,AZ,P,G,2020,W-I,We The People,"TITTLE, SHEILA (SAMM)",0,12
2016,AR,P,G,2020,R,R,"TRUMP, DONALD J.",0,684872
2016,AR,P,G,2020,D,D,"CLINTON, HILLARY",0,380494
2016,AR,P,G,2020,Lbt,Lbt,"JOHNSON, GARY",0,29829
2016,AR,P,G,2020,Oth,Better For America,"MCMULLIN, EVAN",0,13255
2016,AR,P,G,2020,Oth,Grn,"STEIN, JILL",0,9473
2016,AR,P,G,2020,Oth,Prohibition,"HEDGES, JIM",0,4709
2016,AR,P,G,2020,Oth,Constitution Party,"CASTLE, DARRELL L.",0,4613
2016,AR,P,G,2020,Oth,Independent,"KAHN, LYNN S.",0,3390
2016,CA,P,G,2020,D,D,"CLINTON, HILLARY",0,8753788
2016,CA,P,G,2020,R,R,"TRUMP, DONALD J.",0,4483810
2016,CA,P,G,2020,Lbt,Lbt,"JOHNSON, GARY",0,478500
2016,CA,P,G,2020,Oth,Grn,"STEIN, JILL",0,278657
2016,CA,P,G,2020,Oth,Peace & Freedom,"LA RIVA, GLORIA ESTELLA",0,66101
2016,CO,P,G,2020,D,D,"CLINTON, HILLARY",0,1338870
2016,CO,P,G,2020,R,R,"TRUMP, DONALD J.",0,1202484
2016,CO,P,G,2020,Lbt,Lbt,"JOHNSON, GARY",0,144121
2016,CO,P,G,2020,Oth,Grn,"STEIN, JILL",0,38437
2016,CO,P,G,2020,Oth,Unaffiliated,SCATTERING,0,31485
2016,CO,P,G,2020,Oth,American Constitution Party,"CASTLE, DARRELL L.",0,11699
2016,CO,P,G,2020,Oth,Veterans Party Of America,"KENISTON, CHRIS",0,5028
2016,CO,P,G,2020,Oth,American Delta Party,"DE LA FUENTE, ROQUE (ROCKY)",0,1255
2016,CO,P,G,2020,Oth,Independent American,"KOPITKE, KYLE KENLEY",0,1096
2016,CO,P,G,2020,Oth,Independent People Of Colorado,"MALDONADO, JOSEPH ALLEN",0,872
2016,CO,P,G,2020,Oth,American Solidarity Party,"MATUREN, MICHAEL A.",0,862
2016,CO,P,G,2020,Oth,Nutrition Party,"SILVA, ROD",0,751
2016,CO,P,G,2020,Oth,America's Party,"HOEFLING, TOM",0,710
2016,CO,P,G,2020,Oth,Socialism And Liberation Party,"LA RIVA, GLORIA ESTELLA",0,531
2016,CO,P,G,2020,Oth,Socialist Workers,"KENNEDY, ALYSON",0,452
2016,CO,P,G,2020,Oth,Kotlikoff For President,"KOTLIKOFF, LAURENCE",0,392
2016,CO,P,G,2020,Oth,Nonviolent Resistance/Pacifist,"LYTTLE, BRADFORD",0,382
2016,CO,P,G,2020,Oth,Approval Voting Party,"ATWOOD, FRANK",0,337
2016,CO,P,G,2020,Oth,Socialist Party Usa,"EMIDIO (MIMI"""", SOLTYSIK",0,271
2016,CO,P,G,2020,Oth,Prohibition,"HEDGES, JAMES",0,185
2016,CT,P,G,2020,D,D,"CLINTON, HILLARY",0,897572
2016,CT,P,G,2020,R,R,"TRUMP, DONALD J.",0,673215
2016,CT,P,G,2020,Lbt,Lbt,"JOHNSON, GARY",0,48676
2016,CT,P,G,2020,Oth,Grn,"STEIN, JILL",0,22841
2016,DE,P,G,2020,D,D,"CLINTON, HILLARY",0,235603
2016,DE,P,G,2020,R,R,"TRUMP, DONALD J.",0,185127
2016,DE,P,G,2020,Lbt,Lbt,"JOHNSON, GARY",0,14757
2016,DE,P,G,2020,Oth,Grn,"STEIN, JILL",0,6103
2016,DC,P,G,2020,D,D,"CLINTON, HILLARY",0,282830
2016,DC,P,G,2020,R,R,"TRUMP, DONALD J.",0,12723
2016,DC,P,G,2020,Lbt,Lbt,"JOHNSON, GARY",0,4906
2016,DC,P,G,2020,Oth,Grn,"STEIN, JILL",0,4258
2016,FL,P,G,2020,R,R,"TRUMP, DONALD J.",0,4617886
2016,FL,P,G,2020,D,D,"CLINTON, HILLARY",0,4504975
2016,FL,P,G,2020,Lbt,Lbt,"JOHNSON, GARY",0,207043
2016,FL,P,G,2020,Oth,Grn,"STEIN, JILL",0,64399
2016,FL,P,G,2020,Oth,Constitution Party,"CASTLE, DARRELL L.",0,16475
2016,FL,P,G,2020,Oth,Reform Party,"DE LA FUENTE, ROQUE (ROCKY)",0,9108
2016,GA,P,G,2020,R,R,"TRUMP, DONALD J.",0,2089104
2016,GA,P,G,2020,D,D,"CLINTON, HILLARY",0,1877963
2016,GA,P,G,2020,Lbt,Lbt,"JOHNSON, GARY",0,125306
2016,HI,P,G,2020,D,D,"CLINTON, HILLARY",0,266891
2016,HI,P,G,2020,R,R,"TRUMP, DONALD J.",0,128847
2016,HI,P,G,2020,Lbt,Lbt,"JOHNSON, GARY",0,15954
2016,HI,P,G,2020,Oth,Grn,"STEIN, JILL",0,12737
2016,HI,P,G,2020,Oth,Constitution Party,"CASTLE, DARRELL L.",0,4508
2016,ID,P,G,2020,R,R,"TRUMP, DONALD J.",0,409055
2016,ID,P,G,2020,D,D,"CLINTON, HILLARY",0,189765
2016,ID,P,G,2020,Oth,Independent,"MCMULLIN, EVAN",0,60748
2016,ID,P,G,2020,Lbt,Lbt,"JOHNSON, GARY",0,28331
2016,ID,P,G,2020,Oth,Constitution Party,"CASTLE, DARRELL L.",0,2356
2016,IL,P,G,2020,D,D,"CLINTON, HILLARY",0,3090729
2016,IL,P,G,2020,R,R,"TRUMP, DONALD J.",0,2146015
2016,IL,P,G,2020,Lbt,Lbt,"JOHNSON, GARY",0,209596
2016,IL,P,G,2020,Oth,Grn,"STEIN, JILL",0,76802
2016,IN,P,G,2020,R,R,"TRUMP, DONALD J.",0,1557286
2016,IN,P,G,2020,D,D,"CLINTON, HILLARY",0,1033126
2016,IN,P,G,2020,Lbt,Lbt,"JOHNSON, GARY",0,133993
2016,IN,P,G,2020,W-I,Grn,NA,0,7841
2016,IN,P,G,2020,W-I,Constitution Party,"CASTLE, DARRELL L.",0,1937
2016,IN,P,G,2020,W-I,Independent,NA,0,718
2016,IN,P,G,2020,W-I,Socialist Party Usa,"EMIDIO (MIMI"""", SOLTYSIK",0,57
2016,IA,P,G,2020,R,R,"TRUMP, DONALD J.",0,800983
2016,IA,P,G,2020,D,D,"CLINTON, HILLARY",0,653669
2016,IA,P,G,2020,Lbt,Lbt,"JOHNSON, GARY",0,59186
2016,IA,P,G,2020,Oth,Nominated By Petition,"MCMULLIN, EVAN",0,12366
2016,IA,P,G,2020,Oth,Grn,"STEIN, JILL",0,11479
2016,IA,P,G,2020,Oth,Constitution Party,"CASTLE, DARRELL L.",0,5335
2016,IA,P,G,2020,Oth,New Independent Party Iowa,"KAHN, LYNN S.",0,2247
2016,IA,P,G,2020,Oth,Legal Marijuana Now,"VACEK, DAN",0,2246
2016,IA,P,G,2020,Oth,Socialism And Liberation Party,"LA RIVA, GLORIA ESTELLA",0,323
2016,KS,P,G,2020,R,R,"TRUMP, DONALD J.",0,671018
2016,KS,P,G,2020,D,D,"CLINTON, HILLARY",0,427005
2016,KS,P,G,2020,Lbt,Lbt,"JOHNSON, GARY",0,55406
2016,KS,P,G,2020,Oth,Independent,"STEIN, JILL",0,23506
2016,KY,P,G,2020,R,R,"TRUMP, DONALD J.",0,1202971
2016,KY,P,G,2020,D,D,"CLINTON, HILLARY",0,628854
2016,KY,P,G,2020,Lbt,Lbt,"JOHNSON, GARY",0,53752
2016,KY,P,G,2020,Oth,Independent,"MCMULLIN, EVAN",0,22780
2016,KY,P,G,2020,Oth,Grn,"STEIN, JILL",0,13913
2016,KY,P,G,2020,Oth,American Delta Party,"DE LA FUENTE, ROQUE (ROCKY)",0,1128
2016,LA,P,G,2020,R,R,"TRUMP, DONALD J.",0,1178638
2016,LA,P,G,2020,D,D,"CLINTON, HILLARY",0,780154
2016,LA,P,G,2020,Lbt,Lbt,"JOHNSON, GARY",0,37978
2016,LA,P,G,2020,Oth,Grn,"STEIN, JILL",0,14031
2016,ME,P,G,2020,D,D,"CLINTON, HILLARY",0,357735
2016,ME,P,G,2020,R,R,"TRUMP, DONALD J.",0,335593
2016,ME,P,G,2020,Lbt,Lbt,"JOHNSON, GARY",0,38105
2016,ME,P,G,2020,Oth,Grn,"STEIN, JILL",0,14251
2016,ME,P,G,2020,Oth,Unenrolled,NA,0,2243
2016,MD,P,G,2020,D,D,"CLINTON, HILLARY",0,1677928
2016,MD,P,G,2020,R,R,"TRUMP, DONALD J.",0,943169
2016,MD,P,G,2020,Lbt,Lbt,"JOHNSON, GARY",0,79605
2016,MD,P,G,2020,Oth,Grn,"STEIN, JILL",0,35945
2016,MD,P,G,2020,W-I,No Party Affiliation,NA,0,278
2016,MD,P,G,2020,W-I,R,"TRUMP, DONALD J.",0,259
2016,MD,P,G,2020,W-I,D,"CLINTON, HILLARY",0,78
2016,MA,P,G,2020,D,D,"CLINTON, HILLARY",0,1995196
2016,MA,P,G,2020,R,R,"TRUMP, DONALD J.",0,1090893
2016,MA,P,G,2020,Lbt,Lbt,"JOHNSON, GARY",0,138018
2016,MA,P,G,2020,Oth,Grn,"STEIN, JILL",0,47661
2016,MI,P,G,2020,R,R,"TRUMP, DONALD J.",0,2279543
2016,MI,P,G,2020,D,D,"CLINTON, HILLARY",0,2268839
2016,MI,P,G,2020,Lbt,Lbt,"JOHNSON, GARY",0,172136
2016,MI,P,G,2020,Oth,Grn,"STEIN, JILL",0,51463
2016,MI,P,G,2020,Oth,U.s. Taxpayers Party,"CASTLE, DARRELL L.",0,16139
2016,MI,P,G,2020,Oth,Natural Law,"EMIDIO (MIMI"""", SOLTYSIK",0,2209
2016,MN,P,G,2020,D,D,"CLINTON, HILLARY",0,1367705
2016,MN,P,G,2020,R,R,"TRUMP, DONALD J.",0,1322949
2016,MN,P,G,2020,Lbt,Lbt,"JOHNSON, GARY",0,112972
2016,MN,P,G,2020,Oth,Independence,"MCMULLIN, EVAN",0,53075
2016,MN,P,G,2020,Oth,Grn,"STEIN, JILL",0,36986
2016,MN,P,G,2020,Oth,Legal Marijuana Now,"VACEK, DAN",0,11291
2016,MN,P,G,2020,Oth,Constitution Party,"CASTLE, DARRELL L.",0,9456
2016,MN,P,G,2020,Oth,Socialist Workers,"KENNEDY, ALYSON",0,1671
2016,MN,P,G,2020,Oth,American Delta Party,"DE LA FUENTE, ROQUE (ROCKY)",0,1430
2016,MS,P,G,2020,R,R,"TRUMP, DONALD J.",0,700714
2016,MS,P,G,2020,D,D,"CLINTON, HILLARY",0,485131
2016,MS,P,G,2020,Lbt,Lbt,"JOHNSON, GARY",0,14435
2016,MS,P,G,2020,Oth,Constitution Party,"CASTLE, DARRELL L.",0,3987
2016,MS,P,G,2020,Oth,Grn,"STEIN, JILL",0,3731
2016,MS,P,G,2020,Oth,Prohibition,"HEDGES, JAMES",0,715
2016,MS,P,G,2020,Oth,American Delta Party,"DE LA FUENTE, ROQUE (ROCKY)",0,644
2016,MO,P,G,2020,R,R,"TRUMP, DONALD J.",0,1594511
2016,MO,P,G,2020,D,D,"CLINTON, HILLARY",0,1071068
2016,MO,P,G,2020,Lbt,Lbt,"JOHNSON, GARY",0,97359
2016,MO,P,G,2020,Oth,Grn,"STEIN, JILL",0,25419
2016,MO,P,G,2020,Oth,Constitution Party,"CASTLE, DARRELL L.",0,13092
2016,MT,P,G,2020,R,R,"TRUMP, DONALD J.",0,279240
2016,MT,P,G,2020,D,D,"CLINTON, HILLARY",0,177709
2016,MT,P,G,2020,Lbt,Lbt,"JOHNSON, GARY",0,28037
2016,MT,P,G,2020,Oth,Grn,"STEIN, JILL",0,7970
2016,MT,P,G,2020,Oth,American Delta Party,"DE LA FUENTE, ROQUE (ROCKY)",0,1570
2016,NE,P,G,2020,R,R,"TRUMP, DONALD J.",0,495961
2016,NE,P,G,2020,D,D,"CLINTON, HILLARY",0,284494
2016,NE,P,G,2020,Lbt,Lbt,"JOHNSON, GARY",0,38946
2016,NE,P,G,2020,Oth,Nominated By Petition,"STEIN, JILL",0,8775
2016,NV,P,G,2020,D,D,"CLINTON, HILLARY",0,539260
2016,NV,P,G,2020,R,R,"TRUMP, DONALD J.",0,512058
2016,NV,P,G,2020,Lbt,Lbt,"JOHNSON, GARY",0,37384
2016,NV,P,G,2020,Oth,Independent American,"KOPITKE, KYLE KENLEY",0,5268
2016,NV,P,G,2020,Oth,No Party Affiliation,"DE LA FUENTE, ROQUE (ROCKY)",0,2552
2016,NH,P,G,2020,D,D,"CLINTON, HILLARY",0,348526
2016,NH,P,G,2020,R,R,"TRUMP, DONALD J.",0,345790
2016,NH,P,G,2020,Lbt,Lbt,"JOHNSON, GARY",0,30777
2016,NH,P,G,2020,Oth,Grn,"STEIN, JILL",0,6496
2016,NH,P,G,2020,Oth,American Delta Party,"DE LA FUENTE, ROQUE (ROCKY)",0,678
2016,NJ,P,G,2020,D,D,"CLINTON, HILLARY",0,2148278
2016,NJ,P,G,2020,R,R,"TRUMP, DONALD J.",0,1601933
2016,NJ,P,G,2020,Lbt,Lbt,"JOHNSON, GARY",0,72477
2016,NJ,P,G,2020,Oth,Grn,"STEIN, JILL",0,37772
2016,NJ,P,G,2020,Oth,Constitution Party,"CASTLE, DARRELL L.",0,6161
2016,NJ,P,G,2020,Oth,Socialist Workers,"KENNEDY, ALYSON",0,2156
2016,NJ,P,G,2020,Oth,American Delta Party,"DE LA FUENTE, ROQUE (ROCKY)",0,1838
2016,NJ,P,G,2020,Oth,Workers World Party,"MOOREHEAD, MONICA",0,1749
2016,NJ,P,G,2020,Oth,Socialism And Liberation Party,"LA RIVA, GLORIA ESTELLA",0,1682
2016,NM,P,G,2020,D,D,"CLINTON, HILLARY",0,385234
2016,NM,P,G,2020,R,R,"TRUMP, DONALD J.",0,319667
2016,NM,P,G,2020,Lbt,Lbt,"JOHNSON, GARY",0,74541
2016,NM,P,G,2020,Oth,Grn,"STEIN, JILL",0,9879
2016,NM,P,G,2020,Oth,Better For America,"MCMULLIN, EVAN",0,5825
2016,NM,P,G,2020,Oth,Constitution Party,"CASTLE, DARRELL L.",0,1514
2016,NM,P,G,2020,Oth,Socialism And Liberation Party,"LA RIVA, GLORIA ESTELLA",0,1184
2016,NM,P,G,2020,Oth,American Delta Party,"DE LA FUENTE, ROQUE (ROCKY)",0,475
2016,NY,P,G,2020,D,D,"CLINTON, HILLARY",0,4379789
2016,NY,P,G,2020,R,R,"TRUMP, DONALD J.",0,2527142
2016,NY,P,G,2020,Oth,Conservative,"TRUMP, DONALD J.",0,292392
2016,NY,P,G,2020,Oth,Working Families,"CLINTON, HILLARY",0,140041
2016,NY,P,G,2020,Oth,Independence,"JOHNSON, GARY",0,119156
2016,NY,P,G,2020,Oth,Grn,"STEIN, JILL",0,107934
2016,NY,P,G,2020,Lbt,Lbt,"JOHNSON, GARY",0,57442
2016,NY,P,G,2020,Oth,Women's Equality,"CLINTON, HILLARY",0,36294
2016,NC,P,G,2020,R,R,"TRUMP, DONALD J.",0,2362631
2016,NC,P,G,2020,D,D,"CLINTON, HILLARY",0,2189316
2016,NC,P,G,2020,Lbt,Lbt,"JOHNSON, GARY",0,130126
2016,ND,P,G,2020,R,R,"TRUMP, DONALD J.",0,216794
2016,ND,P,G,2020,D,D,"CLINTON, HILLARY",0,93758
2016,ND,P,G,2020,Lbt,Lbt,"JOHNSON, GARY",0,21434
2016,ND,P,G,2020,Oth,Grn,"STEIN, JILL",0,3780
2016,ND,P,G,2020,Oth,Constitution Party,"CASTLE, DARRELL L.",0,1833
2016,ND,P,G,2020,Oth,American Delta Party,"DE LA FUENTE, ROQUE (ROCKY)",0,364
2016,OH,P,G,2020,R,R,"TRUMP, DONALD J.",0,2841005
2016,OH,P,G,2020,D,D,"CLINTON, HILLARY",0,2394164
2016,OH,P,G,2020,Oth,No Party Affiliation,NA,0,198733
2016,OH,P,G,2020,Oth,Grn,"STEIN, JILL",0,46271
2016,OK,P,G,2020,R,R,"TRUMP, DONALD J.",0,949136
2016,OK,P,G,2020,D,D,"CLINTON, HILLARY",0,420375
2016,OK,P,G,2020,Lbt,Lbt,"JOHNSON, GARY",0,83481
2016,OR,P,G,2020,D,D,"CLINTON, HILLARY",0,1002106
2016,OR,P,G,2020,R,R,"TRUMP, DONALD J.",0,782403
2016,OR,P,G,2020,Lbt,Lbt,"JOHNSON, GARY",0,94231
2016,OR,P,G,2020,Oth,Grn,"STEIN, JILL",0,50002
2016,PA,P,G,2020,R,R,"TRUMP, DONALD J.",0,2970733
2016,PA,P,G,2020,D,D,"CLINTON, HILLARY",0,2926441
2016,PA,P,G,2020,Lbt,Lbt,"JOHNSON, GARY",0,146715
2016,PA,P,G,2020,Oth,Grn,"STEIN, JILL",0,49941
2016,PA,P,G,2020,Oth,Constitution Party,"CASTLE, DARRELL L.",0,21572
2016,RI,P,G,2020,D,D,"CLINTON, HILLARY",0,252525
2016,RI,P,G,2020,R,R,"TRUMP, DONALD J.",0,180543
2016,RI,P,G,2020,Lbt,Lbt,"JOHNSON, GARY",0,14746
2016,RI,P,G,2020,Oth,Grn,"STEIN, JILL",0,6220
2016,RI,P,G,2020,Oth,American Delta Party,"DE LA FUENTE, ROQUE (ROCKY)",0,671
2016,SC,P,G,2020,R,R,"TRUMP, DONALD J.",0,1155389
2016,SC,P,G,2020,D,D,"CLINTON, HILLARY",0,855373
2016,SC,P,G,2020,Lbt,Lbt,"JOHNSON, GARY",0,49204
2016,SC,P,G,2020,Oth,Independence,"MCMULLIN, EVAN",0,21016
2016,SC,P,G,2020,Oth,Grn,"STEIN, JILL",0,13034
2016,SC,P,G,2020,Oth,Constitution Party,"CASTLE, DARRELL L.",0,5765
2016,SC,P,G,2020,Oth,American,"SKEWES, PETER",0,3246
2016,SD,P,G,2020,R,R,"TRUMP, DONALD J.",0,227721
2016,SD,P,G,2020,D,D,"CLINTON, HILLARY",0,117458
2016,SD,P,G,2020,Lbt,Lbt,"JOHNSON, GARY",0,20850
2016,SD,P,G,2020,Oth,Constitution Party,"CASTLE, DARRELL L.",0,4064
2016,TN,P,G,2020,R,R,"TRUMP, DONALD J.",0,1522925
2016,TN,P,G,2020,D,D,"CLINTON, HILLARY",0,870695
2016,TN,P,G,2020,Oth,Independent,NA,0,100618
2016,TX,P,G,2020,R,R,"TRUMP, DONALD J.",0,4685047
2016,TX,P,G,2020,D,D,"CLINTON, HILLARY",0,3877868
2016,TX,P,G,2020,Lbt,Lbt,"JOHNSON, GARY",0,283492
2016,TX,P,G,2020,Oth,Grn,"STEIN, JILL",0,71558
2016,UT,P,G,2020,R,R,"TRUMP, DONALD J.",0,515211
2016,UT,P,G,2020,D,D,"CLINTON, HILLARY",0,310674
2016,UT,P,G,2020,Oth,No Party Affiliation,"MCMULLIN, EVAN",0,255060
2016,UT,P,G,2020,Lbt,Lbt,"JOHNSON, GARY",0,39608
2016,UT,P,G,2020,Oth,Constitution Party,"CASTLE, DARRELL L.",0,8032
2016,UT,P,G,2020,Oth,Independent American,"KOPITKE, KYLE KENLEY",0,2732
2016,VT,P,G,2020,D,D,"CLINTON, HILLARY",0,178573
2016,VT,P,G,2020,R,R,"TRUMP, DONALD J.",0,95369
2016,VT,P,G,2020,Lbt,Lbt,"JOHNSON, GARY",0,10078
2016,VT,P,G,2020,Oth,Grn,"STEIN, JILL",0,6758
2016,VT,P,G,2020,Oth,Independent,"DE LA FUENTE, ROQUE (ROCKY)",0,1063
2016,VT,P,G,2020,Oth,Liberty Union Party,"LA RIVA, GLORIA ESTELLA",0,327
2016,VA,P,G,2020,D,D,"CLINTON, HILLARY",0,1981473
2016,VA,P,G,2020,R,R,"TRUMP, DONALD J.",0,1769443
2016,VA,P,G,2020,Lbt,Lbt,"JOHNSON, GARY",0,118274
2016,VA,P,G,2020,Oth,Independent,"MCMULLIN, EVAN",0,54054
2016,VA,P,G,2020,Oth,Grn,"STEIN, JILL",0,27638
2016,WA,P,G,2020,D,D,"CLINTON, HILLARY",0,1742718
2016,WA,P,G,2020,R,R,"TRUMP, DONALD J.",0,1221747
2016,WA,P,G,2020,Lbt,Lbt,"JOHNSON, GARY",0,160879
2016,WA,P,G,2020,Oth,Grn,"STEIN, JILL",0,58417
2016,WA,P,G,2020,Oth,Constitution Party,"CASTLE, DARRELL L.",0,17623
2016,WA,P,G,2020,Oth,Socialist Workers,"KENNEDY, ALYSON",0,4307
2016,WA,P,G,2020,Oth,Socialism And Liberation Party,"LA RIVA, GLORIA ESTELLA",0,3523
2016,WV,P,G,2020,R,R,"TRUMP, DONALD J.",0,489371
2016,WV,P,G,2020,D,D,"CLINTON, HILLARY",0,188794
2016,WV,P,G,2020,Lbt,Lbt,"JOHNSON, GARY",0,23004
2016,WV,P,G,2020,Oth,Grn,"STEIN, JILL",0,8075
2016,WV,P,G,2020,Oth,Constitution Party,"CASTLE, DARRELL L.",0,3807
2016,WI,P,G,2020,R,R,"TRUMP, DONALD J.",0,1405284
2016,WI,P,G,2020,D,D,"CLINTON, HILLARY",0,1382536
2016,WI,P,G,2020,Lbt,Lbt,"JOHNSON, GARY",0,106674
2016,WI,P,G,2020,Oth,Grn,"STEIN, JILL",0,31072
2016,WI,P,G,2020,Oth,Constitution Party,"CASTLE, DARRELL L.",0,12162
2016,WI,P,G,2020,Oth,Workers World Party,"MOOREHEAD, MONICA",0,1770
2016,WI,P,G,2020,Oth,American Delta Party,"DE LA FUENTE, ROQUE (ROCKY)",0,1502
2016,WY,P,G,2020,R,R,"TRUMP, DONALD J.",0,174419
2016,WY,P,G,2020,D,D,"CLINTON, HILLARY",0,55973
2016,WY,P,G,2020,Lbt,Lbt,"JOHNSON, GARY",0,13287
2016,WY,P,G,2020,Oth,Independent,NA,0,3224
2016,WY,P,G,2020,Oth,Constitution Party,"CASTLE, DARRELL L.",0,2042
2020,AL,P,G,2024,D,D,"BIDEN, JOSEPH R., JR.",0,849624
2020,AL,P,G,2024,R,R,"TRUMP, DONALD J.",1,1441170
2020,AL,P,G,2024,Lbt,Lbt,"JORGENSEN, JO",0,25176
2020,AK,P,G,2024,D,D,"BIDEN, JOSEPH R., JR.",0,153778
2020,AK,P,G,2024,R,R,"TRUMP, DONALD J.",1,189951
2020,AK,P,G,2024,Lbt,Lbt,"JORGENSEN, JO",0,8897
2020,AK,P,G,2024,Oth,Alliance,"DE LA FUENTE, ROQUE (ROCKY)",0,318
2020,AK,P,G,2024,Oth,Independent,"PIERCE, BROCK",0,825
2020,AK,P,G,2024,Oth,Grn,"JANOS, JAMES G. (JESSE VENTURA)",0,2673
2020,AK,P,G,2024,Oth,Constitution Party,"BLANKENSHIP, DON",0,1127
2020,AZ,P,G,2024,D,D,"BIDEN, JOSEPH R., JR.",0,1672143
2020,AZ,P,G,2024,R,R,"TRUMP, DONALD J.",1,1661686
2020,AZ,P,G,2024,Lbt,Lbt,"JORGENSEN, JO",0,51465
2020,AZ,P,G,2024,W-I,Party For Socialism And Liberation,"LA RIVA, GLORIA ESTELLA",0,190
2020,AZ,P,G,2024,W-I,Constitution Party,"CUMMINGS, DANIEL CLYDE",0,36
2020,AZ,P,G,2024,W-I,Independent,"SIMMONS, JADE",0,236
2020,AZ,P,G,2024,W-I,Independent,"BODDIE, R. PRESIDENT",0,13
2020,AZ,P,G,2024,W-I,Grn,"HAWKINS, HOWIE",0,1557
2020,AR,P,G,2024,Oth,American Solidarity Party,"CARROLL, BRIAN",0,1713
2020,AR,P,G,2024,Oth,Constitution Party,"BLANKENSHIP, DON",0,2108
2020,AR,P,G,2024,D,D,"BIDEN, JOSEPH R., JR.",0,423932
2020,AR,P,G,2024,Oth,Grn,"HAWKINS, HOWIE",0,2980
2020,AR,P,G,2024,Oth,Independent,"PIERCE, BROCK",0,2141
2020,AR,P,G,2024,Oth,Independent,"GAMMON, C. L.",0,1475
2020,AR,P,G,2024,Oth,Independent,"WEST, KANYE",0,4099
2020,AR,P,G,2024,Oth,Independent,"COLLINS, PHIL",0,2812
2020,AR,P,G,2024,Oth,Independent,"DE LA FUENTE, ROQUE (ROCKY)",0,1321
2020,AR,P,G,2024,Lbt,Lbt,"JORGENSEN, JO",0,13133
2020,AR,P,G,2024,Oth,Life And Liberty Party,"MYERS, JOHN RICHARD",0,1372
2020,AR,P,G,2024,R,R,"TRUMP, DONALD J.",1,760647
2020,AR,P,G,2024,Oth,Party For Socialism And Liberation,"LA RIVA, GLORIA ESTELLA",0,1336
2020,CA,P,G,2024,D,D,"BIDEN, JOSEPH R., JR.",0,11110250
2020,CA,P,G,2024,R,R,"TRUMP, DONALD J.",1,6006429
2020,CA,P,G,2024,Lbt,Lbt,"JORGENSEN, JO",0,187895
2020,CA,P,G,2024,Oth,Grn,"HAWKINS, HOWIE",0,81029
2020,CA,P,G,2024,Oth,American Independent,"DE LA FUENTE, ROQUE (ROCKY)",0,60160
2020,CA,P,G,2024,Oth,Peace & Freedom,"LA RIVA, GLORIA ESTELLA",0,51037
2020,CA,P,G,2024,W-I,American Solidarity Party,"CARROLL, BRIAN",0,2605
2020,CA,P,G,2024,W-I,Independent,"JANOS, JAMES G. (JESSE VENTURA)",0,611
2020,CA,P,G,2024,W-I,Independent,MARK CHARLES,0,559
2020,CA,P,G,2024,W-I,Independent,"PIERCE, BROCK",0,185
2020,CA,P,G,2024,W-I,Independent,JOSEPH KISHORE,0,121
2020,CO,P,G,2024,D,D,"BIDEN, JOSEPH R., JR.",0,1804352
2020,CO,P,G,2024,R,R,"TRUMP, DONALD J.",1,1364607
2020,CO,P,G,2024,Lbt,Lbt,"JORGENSEN, JO",0,52460
2020,CO,P,G,2024,Oth,Grn,"HAWKINS, HOWIE",0,8986
2020,CO,P,G,2024,Oth,Party For Socialism And Liberation,"LA RIVA, GLORIA ESTELLA",0,1035
2020,CO,P,G,2024,Oth,Alliance,"DE LA FUENTE, ROQUE (ROCKY)",0,636
2020,CO,P,G,2024,Oth,Independent,"PIERCE, BROCK",0,572
2020,CO,P,G,2024,Oth,Independent,"WEST, KANYE",0,8089
2020,CO,P,G,2024,Oth,Constitution Party,"BLANKENSHIP, DON",0,5061
2020,CO,P,G,2024,Oth,Unity Party,"HAMMONS, BILL",0,2730
2020,CO,P,G,2024,Oth,Approval Voting Party,"HUBER, BLAKE",0,355
2020,CO,P,G,2024,Oth,American Solidarity Party,"CARROLL, BRIAN",0,25515
2020,CO,P,G,2024,Oth,Independent,"CHARLES, MARK",0,2011
2020,CO,P,G,2024,Oth,Prohibition Party,"COLLINS, PHIL",0,568
2020,CO,P,G,2024,Oth,Progressive Party,"HUNTER, PHIL",0,379
2020,CO,P,G,2024,Oth,Independent,"JACOB?FAMBRO, PRINCESS KHADIJAH MARYAM",0,495
2020,CO,P,G,2024,Oth,Socialist Workers Party,"KENNEDY, ALYSON",0,354
2020,CO,P,G,2024,Oth,Socialist Equality Party,"KISHORE, JOSEPH",0,196
2020,CO,P,G,2024,Oth,Independent American Party,"KOPITKE, KYLE KENLEY",0,762
2020,CO,P,G,2024,Oth,Independent,"MCHUGH, JOE",0,614
2020,CO,P,G,2024,Oth,Independent,"SCOTT, JORDAN (CANCER)",0,175
2020,CO,P,G,2024,Oth,Non-Affiliated,"HOEFLING, TOM",0,24
2020,CT,P,G,2024,D,D,"BIDEN, JOSEPH R., JR.",0,1080831
2020,CT,P,G,2024,R,R,"TRUMP, DONALD J.",1,714717
2020,CT,P,G,2024,Lbt,Lbt,"JORGENSEN, JO",0,20230
2020,CT,P,G,2024,Oth,Grn,"HAWKINS, HOWIE",0,7538
2020,CT,P,G,2024,W-I,American Solidarity Party,"CARROLL, BRIAN",0,219
2020,CT,P,G,2024,W-I,Independent,"CHARLES, MARK",0,11
2020,CT,P,G,2024,W-I,Alliance,"DE LA FUENTE, ROQUE (ROCKY)",0,13
2020,CT,P,G,2024,W-I,Independent,"SIMMONS, JADE",0,22
2020,CT,P,G,2024,W-I,Independent,"WEST, KANYE",0,255
2020,DE,P,G,2024,W-I,American Solidarity Party,"CARROLL, BRIAN",0,87
2020,DE,P,G,2024,W-I,Party For Socialism And Liberation,"LA RIVA, GLORIA ESTELLA",0,14
2020,DE,P,G,2024,W-I,Independent,"SIMMONS, JADE",0,28
2020,DE,P,G,2024,W-I,Independent,"WEST, KANYE",0,169
2020,DE,P,G,2024,D,D,"BIDEN, JOSEPH R., JR.",0,296268
2020,DE,P,G,2024,R,R,"TRUMP, DONALD J.",1,200603
2020,DE,P,G,2024,Lbt,Lbt,"JORGENSEN, JO",0,5000
2020,DE,P,G,2024,Oth,Grn,"HAWKINS, HOWIE",0,2139
2020,DC,P,G,2024,W-I,D,"BIDEN, JOSEPH R., JR.",0,317323
2020,DC,P,G,2024,W-I,R,"TRUMP, DONALD J.",1,18586
2020,DC,P,G,2024,W-I,Lbt,"JORGENSEN, JO",0,2036
2020,DC,P,G,2024,W-I,Dc Statehood Green,"HAWKINS, HOWIE",0,1726
2020,DC,P,G,2024,W-I,Independent,"LA RIVA, GLORIA ESTELLA",0,855
2020,DC,P,G,2024,Oth,Independent,"PIERCE, BROCK",0,693
2020,FL,P,G,2024,D,D,"BIDEN, JOSEPH R., JR.",0,5297045
2020,FL,P,G,2024,R,R,"TRUMP, DONALD J.",1,5668731
2020,FL,P,G,2024,Lbt,Lbt,"JORGENSEN, JO",0,70324
2020,FL,P,G,2024,Oth,Grn,"HAWKINS, HOWIE",0,14721
2020,FL,P,G,2024,Oth,Party For Socialism And Liberation,"LA RIVA, GLORIA ESTELLA",0,5712
2020,FL,P,G,2024,Oth,Alliance,"DE LA FUENTE, ROQUE (ROCKY)",0,5966
2020,FL,P,G,2024,Oth,Constitution Party,"BLANKENSHIP, DON",0,3902
2020,FL,P,G,2024,W-I,Independent,"SIMMONS, JADE",0,181
2020,FL,P,G,2024,W-I,American Solidarity Party,"CARROLL, BRIAN",0,854
2020,GA,P,G,2024,W-I,American Solidarity Party,"CARROLL, BRIAN",0,701
2020,GA,P,G,2024,W-I,Constitution Party,"BLANKENSHIP, DON",0,61
2020,GA,P,G,2024,W-I,Party For Socialism And Liberation,"LA RIVA, GLORIA ESTELLA",0,159
2020,GA,P,G,2024,W-I,Grn,"HAWKINS, HOWIE",0,1013
2020,GA,P,G,2024,W-I,Independent,"SIMMONS, JADE",0,181
2020,GA,P,G,2024,W-I,Independent,"CHARLES, MARK",0,65
2020,GA,P,G,2024,D,D,"BIDEN, JOSEPH R., JR.",0,2473633
2020,GA,P,G,2024,R,R,"TRUMP, DONALD J.",1,2461854
2020,GA,P,G,2024,Lbt,Lbt,"JORGENSEN, JO",0,62229
2020,HI,P,G,2024,D,D,"BIDEN, JOSEPH R., JR.",0,366130
2020,HI,P,G,2024,R,R,"TRUMP, DONALD J.",1,196864
2020,HI,P,G,2024,Lbt,Lbt,"JORGENSEN, JO",0,5539
2020,HI,P,G,2024,Oth,Grn,"HAWKINS, HOWIE",0,3822
2020,HI,P,G,2024,Oth,American Shopping Party,"PIERCE, BROCK",0,1183
2020,HI,P,G,2024,Oth,Constitution Party,"BLANKENSHIP, DON",0,931
2020,ID,P,G,2024,D,D,"BIDEN, JOSEPH R., JR.",0,287021
2020,ID,P,G,2024,R,R,"TRUMP, DONALD J.",1,554119
2020,ID,P,G,2024,Lbt,Lbt,"JORGENSEN, JO",0,16404
2020,ID,P,G,2024,W-I,Grn,"HAWKINS, HOWIE",0,407
2020,ID,P,G,2024,Oth,Independent,"PIERCE, BROCK",0,2808
2020,ID,P,G,2024,Oth,Constitution Party,"BLANKENSHIP, DON",0,1886
2020,ID,P,G,2024,Oth,Independent,"DE LA FUENTE, ROQUE (ROCKY)",0,1491
2020,ID,P,G,2024,Oth,Independent,"WEST, KANYE",0,3632
2020,ID,P,G,2024,W-I,Party For Socialism And Liberation,"LA RIVA, GLORIA ESTELLA",0,49
2020,ID,P,G,2024,W-I,American Solidarity Party,"CARROLL, BRIAN",0,163
2020,ID,P,G,2024,W-I,Independent,"SIMMONS, JADE",0,21
2020,IL,P,G,2024,D,D,"BIDEN, JOSEPH R., JR.",0,3471915
2020,IL,P,G,2024,R,R,"TRUMP, DONALD J.",1,2446891
2020,IL,P,G,2024,Lbt,Lbt,"JORGENSEN, JO",0,66544
2020,IL,P,G,2024,Oth,Grn,"HAWKINS, HOWIE",0,30494
2020,IL,P,G,2024,Oth,American Solidarity Party,"CARROLL, BRIAN",0,9548
2020,IL,P,G,2024,Oth,Party For Socialism And Liberation,"LA RIVA, GLORIA ESTELLA",0,8046
2020,IL,P,G,2024,W-I,Independent,"SIMMONS, JADE",0,78
2020,IL,P,G,2024,W-I,Independent,MARK CHARLES,0,75
2020,IL,P,G,2024,W-I,Non-Affiliated,"WELLS, KASEY",0,18
2020,IL,P,G,2024,W-I,Constitution Party,"BLANKENSHIP, DON",0,18
2020,IN,P,G,2024,D,D,"BIDEN, JOSEPH R., JR.",0,1242416
2020,IN,P,G,2024,R,R,"TRUMP, DONALD J.",1,1729519
2020,IN,P,G,2024,Lbt,Lbt,"JORGENSEN, JO",0,59232
2020,IN,P,G,2024,W-I,Grn,"HAWKINS, HOWIE",0,988
2020,IN,P,G,2024,W-I,American Solidarity Party,"CARROLL, BRIAN",0,893
2020,IA,P,G,2024,R,R,"TRUMP, DONALD J.",1,897672
2020,IA,P,G,2024,D,D,"BIDEN, JOSEPH R., JR.",0,759061
2020,IA,P,G,2024,Oth,Independent,"DE LA FUENTE, ROQUE (ROCKY)",0,1082
2020,IA,P,G,2024,Oth,Constitution Party,"BLANKENSHIP, DON",0,1707
2020,IA,P,G,2024,Oth,Geneology Know Your Family History Party,"KING, RICKI SUE",0,546
2020,IA,P,G,2024,Oth,Grn,"HAWKINS, HOWIE",0,3075
2020,IA,P,G,2024,Lbt,Lbt,"JORGENSEN, JO",0,19637
2020,IA,P,G,2024,Oth,Independent,"PIERCE, BROCK",0,544
2020,IA,P,G,2024,Oth,Independent,"WEST, KANYE",0,3210
2020,KS,P,G,2024,R,R,"TRUMP, DONALD J.",1,771406
2020,KS,P,G,2024,D,D,"BIDEN, JOSEPH R., JR.",0,570323
2020,KS,P,G,2024,Lbt,Lbt,"JORGENSEN, JO",0,30574
2020,KY,P,G,2024,R,R,"TRUMP, DONALD J.",1,1326646
2020,KY,P,G,2024,D,D,"BIDEN, JOSEPH R., JR.",0,772474
2020,KY,P,G,2024,Lbt,Lbt,"JORGENSEN, JO",0,26234
2020,KY,P,G,2024,Oth,Independent,"WEST, KANYE",0,6483
2020,KY,P,G,2024,Oth,Independent,"PIERCE, BROCK",0,3599
2020,KY,P,G,2024,W-I,Grn,"HAWKINS, HOWIE",0,716
2020,KY,P,G,2024,W-I,American Solidarity Party,"CARROLL, BRIAN",0,408
2020,KY,P,G,2024,W-I,Party For Socialism And Liberation,"LA RIVA, GLORIA ESTELLA",0,98
2020,KY,P,G,2024,W-I,Independent,"CHARLES, MARK",0,43
2020,KY,P,G,2024,W-I,Independent,"SIMMONS, JADE",0,29
2020,KY,P,G,2024,W-I,Non-Affiliated,"HOEFLING, TOM",0,20
2020,LA,P,G,2024,D,D,"BIDEN, JOSEPH R., JR.",0,856034
2020,LA,P,G,2024,Lbt,Lbt,"JORGENSEN, JO",0,21645
2020,LA,P,G,2024,R,R,"TRUMP, DONALD J.",1,1255776
2020,LA,P,G,2024,Oth,American Solidarity Party,"CARROLL, BRIAN",0,2497
2020,LA,P,G,2024,Oth,Becoming One Nation,JADE SIMMONS,0,1626
2020,LA,P,G,2024,Oth,C.u.p,"BODDIE, R. PRESIDENT",0,1125
2020,LA,P,G,2024,Oth,Constitution Party,"BLANKENSHIP, DON",0,860
2020,LA,P,G,2024,Oth,Freedom And Prosperity,"PIERCE, BROCK",0,749
2020,LA,P,G,2024,Oth,"Life , Liberty, Constitution","HOEFLING, TOM",0,668
2020,LA,P,G,2024,Oth,Party For Socialism And Liberation,"LA RIVA, GLORIA ESTELLA",0,987
2020,LA,P,G,2024,Oth,Socialist Workers Party,"KENNEDY, ALYSON",0,536
2020,LA,P,G,2024,Oth,The Birthday Party,"WEST, KANYE",0,4897
2020,LA,P,G,2024,Oth,Unity Party,"HAMMONS, BILL",0,662
2020,ME,P,G,2024,D,D,"BIDEN, JOSEPH R., JR.",0,435072
2020,ME,P,G,2024,Lbt,Lbt,"JORGENSEN, JO",0,14152
2020,ME,P,G,2024,R,R,"TRUMP, DONALD J.",1,360737
2020,ME,P,G,2024,Oth,Grn,"HAWKINS, HOWIE",0,8230
2020,ME,P,G,2024,Oth,Alliance,"DE LA FUENTE, ROQUE (ROCKY)",0,1183
2020,MD,P,G,2024,R,R,"TRUMP, DONALD J.",1,976414
2020,MD,P,G,2024,D,D,"BIDEN, JOSEPH R., JR.",0,1985023
2020,MD,P,G,2024,Lbt,Lbt,"JORGENSEN, JO",0,33488
2020,MD,P,G,2024,Oth,Grn,"HAWKINS, HOWIE",0,15799
2020,MD,P,G,2024,Oth,Bread And Roses,"SEGAL, JEROME M.",0,5884
2020,MD,P,G,2024,W-I,American Solidarity Party,"CARROLL, BRIAN",0,795
2020,MD,P,G,2024,W-I,Independent,"CELLA, TODD",0,11
2020,MD,P,G,2024,W-I,Independent,"CHARLES, MARK",0,30
2020,MD,P,G,2024,W-I,Independent,"COLLINS, PHIL",0,10
2020,MD,P,G,2024,W-I,Alliance,"DE LA FUENTE, ROQUE (ROCKY)",0,26
2020,MD,P,G,2024,W-I,Non-Affiliated,"HOEFLING, TOM",0,11
2020,MD,P,G,2024,W-I,Independent,"PIERCE, BROCK",0,16
2020,MD,P,G,2024,W-I,Becoming One Nation,"SIMMONS, JADE",0,131
2020,MD,P,G,2024,W-I,The Birthday Party,"WEST, KANYE",0,1117
2020,MD,P,G,2024,W-I,Party For Socialism And Liberation,"LA RIVA, GLORIA ESTELLA",0,125
2020,MA,P,G,2024,D,D,"BIDEN, JOSEPH R., JR.",0,2382202
2020,MA,P,G,2024,R,R,"TRUMP, DONALD J.",1,1167202
2020,MA,P,G,2024,Lbt,Lbt,"JORGENSEN, JO",0,47013
2020,MA,P,G,2024,Oth,Green-Rainbow,"HAWKINS, HOWIE",0,18658
2020,MI,P,G,2024,D,D,"BIDEN, JOSEPH R., JR.",0,2804040
2020,MI,P,G,2024,R,R,"TRUMP, DONALD J.",1,2649852
2020,MI,P,G,2024,Lbt,Lbt,"JORGENSEN, JO",0,60381
2020,MI,P,G,2024,Oth,Us Taxpayers Party,"BLANKENSHIP, DON",0,7235
2020,MI,P,G,2024,Oth,Grn,"HAWKINS, HOWIE",0,13718
2020,MI,P,G,2024,Oth,Natural Law,"DE LA FUENTE, ROQUE (ROCKY)",0,2986
2020,MI,P,G,2024,W-I,American Solidarity Party,"CARROLL, BRIAN",0,963
2020,MI,P,G,2024,W-I,Becoming One Nation,"SIMMONS, JADE",0,89
2020,MN,P,G,2024,R,R,"TRUMP, DONALD J.",1,1484065
2020,MN,P,G,2024,D,D,"BIDEN, JOSEPH R., JR.",0,1717077
2020,MN,P,G,2024,Oth,Alliance,"DE LA FUENTE, ROQUE (ROCKY)",0,5611
2020,MN,P,G,2024,Oth,Grn,"HAWKINS, HOWIE",0,10033
2020,MN,P,G,2024,Oth,Independent,"WEST, KANYE",0,7940
2020,MN,P,G,2024,Oth,Independent,"PIERCE, BROCK",0,5651
2020,MN,P,G,2024,Oth,Party For Socialism And Liberation,"LA RIVA, GLORIA ESTELLA",0,1210
2020,MN,P,G,2024,Oth,Socialist Workers Party,"KENNEDY, ALYSON",0,643
2020,MN,P,G,2024,Lbt,Lbt,"JORGENSEN, JO",0,34976
2020,MS,P,G,2024,D,D,"BIDEN, JOSEPH R., JR.",0,539398
2020,MS,P,G,2024,R,R,"TRUMP, DONALD J.",1,756764
2020,MS,P,G,2024,Oth,Constitution Party,"BLANKENSHIP, DON",0,1279
2020,MS,P,G,2024,Oth,American Solidarity Party,"CARROLL, BRIAN",0,1161
2020,MS,P,G,2024,Oth,Independent,"COLLINS, PHIL",0,1317
2020,MS,P,G,2024,Oth,Grn,"HAWKINS, HOWIE",0,1498
2020,MS,P,G,2024,Lbt,Lbt,"JORGENSEN, JO",0,8026
2020,MS,P,G,2024,Oth,Independent,"PIERCE, BROCK",0,659
2020,MS,P,G,2024,Oth,Independent,"WEST, KANYE",0,3657
2020,MO,P,G,2024,R,R,"TRUMP, DONALD J.",1,1718736
2020,MO,P,G,2024,D,D,"BIDEN, JOSEPH R., JR.",0,1253014
2020,MO,P,G,2024,Lbt,Lbt,"JORGENSEN, JO",0,41205
2020,MO,P,G,2024,Oth,Grn,"HAWKINS, HOWIE",0,8283
2020,MO,P,G,2024,Oth,Constitution Party,"BLANKENSHIP, DON",0,3919
2020,MO,P,G,2024,W-I,Becoming One Nation,"SIMMONS, JADE",0,74
2020,MO,P,G,2024,W-I,American Solidarity Party,"CARROLL, BRIAN",0,664
2020,MO,P,G,2024,W-I,Party For Socialism And Liberation,"LA RIVA, GLORIA ESTELLA",0,64
2020,MT,P,G,2024,Lbt,Lbt,"JORGENSEN, JO",0,15252
2020,MT,P,G,2024,R,R,"TRUMP, DONALD J.",1,343602
2020,MT,P,G,2024,D,D,"BIDEN, JOSEPH R., JR.",0,244786
2020,MT,P,G,2024,W-I,Independent,"CHARLES, MARK",0,23
2020,NE,P,G,2024,R,R,"TRUMP, DONALD J.",1,556846
2020,NE,P,G,2024,D,D,"BIDEN, JOSEPH R., JR.",0,374583
2020,NE,P,G,2024,Lbt,Lbt,"JORGENSEN, JO",0,20283
2020,NV,P,G,2024,Lbt,Lbt,"JORGENSEN, JO",0,14783
2020,NV,P,G,2024,R,R,"TRUMP, DONALD J.",1,669890
2020,NV,P,G,2024,D,D,"BIDEN, JOSEPH R., JR.",0,703486
2020,NV,P,G,2024,Oth,Independent American Party,"BLANKENSHIP, DON",0,3138
2020,NH,P,G,2024,Lbt,Lbt,"JORGENSEN, JO",0,13235
2020,NH,P,G,2024,R,R,"TRUMP, DONALD J.",1,365654
2020,NH,P,G,2024,D,D,"BIDEN, JOSEPH R., JR.",0,424921
2020,NH,P,G,2024,W-I,Grn,"HAWKINS, HOWIE",0,217
2020,NJ,P,G,2024,R,R,"TRUMP, DONALD J.",1,1883274
2020,NJ,P,G,2024,D,D,"BIDEN, JOSEPH R., JR.",0,2608335
2020,NJ,P,G,2024,Lbt,Lbt,"JORGENSEN, JO",0,31677
2020,NJ,P,G,2024,Oth,Grn,"HAWKINS, HOWIE",0,14202
2020,NJ,P,G,2024,Oth,Unity Party,"HAMMONS, BILL",0,3255
2020,NJ,P,G,2024,Oth,Constitution Party,"BLANKENSHIP, DON",0,2954
2020,NJ,P,G,2024,Oth,Party For Socialism And Liberation,"LA RIVA, GLORIA ESTELLA",0,2928
2020,NJ,P,G,2024,Oth,Alliance,"DE LA FUENTE, ROQUE (ROCKY)",0,2728
2020,NM,P,G,2024,Oth,Grn,"HAWKINS, HOWIE",0,4426
2020,NM,P,G,2024,Lbt,Lbt,"JORGENSEN, JO",0,12585
2020,NM,P,G,2024,D,D,"BIDEN, JOSEPH R., JR.",0,501614
2020,NM,P,G,2024,Oth,Constitution Party,"TITTLE, SHEILA (SAMM)",0,1806
2020,NM,P,G,2024,R,R,"TRUMP, DONALD J.",1,401894
2020,NM,P,G,2024,Oth,Party For Socialism And Liberation,"LA RIVA, GLORIA ESTELLA",0,1640
2020,NY,P,G,2024,D,D,"BIDEN, JOSEPH R., JR.",0,5230985
2020,NY,P,G,2024,R,R,"TRUMP, DONALD J.",1,3244798
2020,NY,P,G,2024,Oth,Grn,"HAWKINS, HOWIE",0,32753
2020,NY,P,G,2024,Lbt,Lbt,"JORGENSEN, JO",0,60234
2020,NY,P,G,2024,Oth,Independent,"PIERCE, BROCK",0,22587
2020,NY,P,G,2024,W-I,American Solidarity Party,"CARROLL, BRIAN",0,805
2020,NY,P,G,2024,W-I,Party For Socialism And Liberation,"LA RIVA, GLORIA ESTELLA",0,376
2020,NY,P,G,2024,W-I,Becoming One Nation,"SIMMONS, JADE",0,155
2020,NY,P,G,2024,W-I,Alliance,"DE LA FUENTE, ROQUE (ROCKY)",0,20
2020,NY,P,G,2024,W-I,Independent,"KISHORE, JOSEPH",0,28
2020,NY,P,G,2024,W-I,The Birthday Party,"WEST, KANYE",0,1897
2020,NY,P,G,2024,W-I,Constitution Party,"BLANKENSHIP, DON",0,43
2020,NY,P,G,2024,W-I,Independent,"CHARLES, MARK",0,98
2020,NC,P,G,2024,R,R,"TRUMP, DONALD J.",1,2758773
2020,NC,P,G,2024,D,D,"BIDEN, JOSEPH R., JR.",0,2684292
2020,NC,P,G,2024,Lbt,Lbt,"JORGENSEN, JO",0,48678
2020,NC,P,G,2024,Oth,Grn,"HAWKINS, HOWIE",0,12195
2020,NC,P,G,2024,Oth,Constitution Party,"BLANKENSHIP, DON",0,7549
2020,NC,P,G,2024,W-I,Becoming One Nation,"SIMMONS, JADE",0,119
2020,ND,P,G,2024,R,R,"TRUMP, DONALD J.",1,235595
2020,ND,P,G,2024,D,D,"BIDEN, JOSEPH R., JR.",0,114902
2020,ND,P,G,2024,Lbt,Lbt,"JORGENSEN, JO",0,9393
2020,OH,P,G,2024,R,R,"TRUMP, DONALD J.",1,3154834
2020,OH,P,G,2024,D,D,"BIDEN, JOSEPH R., JR.",0,2679165
2020,OH,P,G,2024,Lbt,Lbt,"JORGENSEN, JO",0,67569
2020,OH,P,G,2024,W-I,American Solidarity Party,"CARROLL, BRIAN",0,1450
2020,OH,P,G,2024,Oth,Grn,"HAWKINS, HOWIE",0,18812
2020,OH,P,G,2024,W-I,Becoming One Nation,"SIMMONS, JADE",0,212
2020,OH,P,G,2024,W-I,Independent,"WELLS, KASEY",0,16
2020,OK,P,G,2024,R,R,"TRUMP, DONALD J.",1,1020280
2020,OK,P,G,2024,D,D,"BIDEN, JOSEPH R., JR.",0,503890
2020,OK,P,G,2024,Lbt,Lbt,"JORGENSEN, JO",0,24731
2020,OK,P,G,2024,Oth,Independent,"SIMMONS, JADE",0,3654
2020,OK,P,G,2024,Oth,Independent,"WEST, KANYE",0,5597
2020,OK,P,G,2024,Oth,Independent,"PIERCE, BROCK",0,2547
2020,OR,P,G,2024,R,R,"TRUMP, DONALD J.",1,958448
2020,OR,P,G,2024,D,D,"BIDEN, JOSEPH R., JR.",0,1340383
2020,OR,P,G,2024,Lbt,Lbt,"JORGENSEN, JO",0,41582
2020,OR,P,G,2024,Oth,Pacific Green,"HAWKINS, HOWIE",0,11831
2020,OR,P,G,2024,Oth,Progressive Party,"HUNTER, DARIO",0,4988
2020,PA,P,G,2024,R,R,"TRUMP, DONALD J.",1,3377674
2020,PA,P,G,2024,D,D,"BIDEN, JOSEPH R., JR.",0,3458229
2020,PA,P,G,2024,Lbt,Lbt,"JORGENSEN, JO",0,79380
2020,RI,P,G,2024,D,D,"BIDEN, JOSEPH R., JR.",0,307486
2020,RI,P,G,2024,R,R,"TRUMP, DONALD J.",1,199922
2020,RI,P,G,2024,Lbt,Lbt,"JORGENSEN, JO",0,5053
2020,RI,P,G,2024,Oth,Alliance,"DE LA FUENTE, ROQUE (ROCKY)",0,923
2020,RI,P,G,2024,Oth,Party For Socialism And Liberation,"LA RIVA, GLORIA ESTELLA",0,847
2020,SC,P,G,2024,Oth,American Solidarity Party,"CARROLL, BRIAN",0,767
2020,SC,P,G,2024,Oth,Grn,"HAWKINS, HOWIE",0,6907
2020,SC,P,G,2024,R,R,"TRUMP, DONALD J.",1,1385103
2020,SC,P,G,2024,Oth,Alliance,"DE LA FUENTE, ROQUE (ROCKY)",0,1862
2020,SC,P,G,2024,Lbt,Lbt,"JORGENSEN, JO",0,27916
2020,SC,P,G,2024,D,D,"BIDEN, JOSEPH R., JR.",0,1091541
2020,SD,P,G,2024,R,R,"TRUMP, DONALD J.",1,261043
2020,SD,P,G,2024,D,D,"BIDEN, JOSEPH R., JR.",0,150471
2020,SD,P,G,2024,Lbt,Lbt,"JORGENSEN, JO",0,11095
2020,TN,P,G,2024,R,R,"TRUMP, DONALD J.",1,1852475
2020,TN,P,G,2024,D,D,"BIDEN, JOSEPH R., JR.",0,1143711
2020,TN,P,G,2024,Oth,Independent,"BLANKENSHIP, DON",0,5365
2020,TN,P,G,2024,Oth,Independent,"DE LA FUENTE, ROQUE (ROCKY)",0,1860
2020,TN,P,G,2024,Oth,Independent,"HAWKINS, HOWIE",0,4545
2020,TN,P,G,2024,Oth,Independent,"JORGENSEN, JO",0,29877
2020,TN,P,G,2024,Oth,Independent,"KENNEDY, ALYSON",0,2576
2020,TN,P,G,2024,Oth,Independent,"LA RIVA, GLORIA ESTELLA",0,2301
2020,TN,P,G,2024,Oth,Independent,"WEST, KANYE",0,10279
2020,TN,P,G,2024,W-I,American Solidarity Party,"CARROLL, BRIAN",0,762
2020,TN,P,G,2024,W-I,Becoming One Nation,"SIMMONS, JADE",0,68
2020,TX,P,G,2024,R,R,"TRUMP, DONALD J.",1,5890347
2020,TX,P,G,2024,D,D,"BIDEN, JOSEPH R., JR.",0,5259126
2020,TX,P,G,2024,Lbt,Lbt,"JORGENSEN, JO",0,126243
2020,TX,P,G,2024,Oth,Grn,"HAWKINS, HOWIE",0,33396
2020,TX,P,G,2024,W-I,Independent,"BODDIE, R. PRESIDENT",0,2012
2020,TX,P,G,2024,W-I,American Solidarity Party,"CARROLL, BRIAN",0,2785
2020,TX,P,G,2024,W-I,Independent,"CELLA, TODD",0,205
2020,TX,P,G,2024,W-I,Party For Socialism And Liberation,"LA RIVA, GLORIA ESTELLA",0,350
2020,TX,P,G,2024,W-I,Independent,"WELLS, KASEY",0,114
2020,UT,P,G,2024,W-I,Independent,"PIERCE, BROCK",0,2623
2020,UT,P,G,2024,W-I,The Birthday Party,"WEST, KANYE",0,7213
2020,UT,P,G,2024,D,D,"BIDEN, JOSEPH R., JR.",0,560282
2020,UT,P,G,2024,Oth,Constitution Party,"BLANKENSHIP, DON",0,5551
2020,UT,P,G,2024,Lbt,Lbt,"JORGENSEN, JO",0,38447
2020,UT,P,G,2024,Oth,Grn,"HAWKINS, HOWIE",0,5053
2020,UT,P,G,2024,W-I,Party For Socialism And Liberation,"LA RIVA, GLORIA ESTELLA",0,1139
2020,UT,P,G,2024,R,R,"TRUMP, DONALD J.",1,865140
2020,UT,P,G,2024,W-I,American Solidarity Party,"CARROLL, BRIAN",0,368
2020,UT,P,G,2024,W-I,Becoming One Nation,"SIMMONS, JADE",0,186
2020,VT,P,G,2024,D,D,"BIDEN, JOSEPH R., JR.",0,242820
2020,VT,P,G,2024,R,R,"TRUMP, DONALD J.",1,112704
2020,VT,P,G,2024,Lbt,Lbt,"JORGENSEN, JO",0,3608
2020,VT,P,G,2024,Oth,Grn,"HAWKINS, HOWIE",0,1310
2020,VT,P,G,2024,Oth,Independent,"WEST, KANYE",0,1269
2020,VT,P,G,2024,Oth,Grumpy Old Patriots,"PAIGE, BROOKE H.",0,1175
2020,VT,P,G,2024,Oth,Independent,"LAFONTAINE, CHRISTOPHER",0,856
2020,VT,P,G,2024,Oth,Independent,"DUNCAN, RICHARD",0,213
2020,VT,P,G,2024,Oth,American Solidarity,"CARROLL, BRIAN",0,209
2020,VT,P,G,2024,Oth,Constitution,"BLANKENSHIP, DON",0,208
2020,VT,P,G,2024,Oth,Socialist Workers,"KENNEDY, ALYSON",0,195
2020,VT,P,G,2024,Oth,Liberty Union,"LA RIVA, GLORIA ESTELLA",0,166
2020,VT,P,G,2024,Oth,Boiling Frog,"SWING, GARY",0,141
2020,VT,P,G,2024,Oth,Prohibition,"COLLINS, PHIL",0,137
2020,VT,P,G,2024,Oth,Bull Moose,"MCCORMIC, KEITH",0,126
2020,VT,P,G,2024,Oth,Unaffiliated,"PIERCE, BROCK",0,100
2020,VT,P,G,2024,Oth,Bread And Roses,"SEGAL, JEROME M.",0,65
2020,VT,P,G,2024,Oth,Approval Voting,"HUBER, BLAKE",0,54
2020,VT,P,G,2024,Oth,Independent,"KOPITKE, KYLE KENLEY",0,53
2020,VT,P,G,2024,Oth,Alliance,"DE LA FUENTE, ROQUE (ROCKY)",0,48
2020,VT,P,G,2024,Oth,Independent,"SCALF, ZACHARY",0,29
2020,VA,P,G,2024,D,D,"BIDEN, JOSEPH R., JR.",0,2413568
2020,VA,P,G,2024,R,R,"TRUMP, DONALD J.",1,1962430
2020,VA,P,G,2024,Lbt,Lbt,"JORGENSEN, JO",0,64761
2020,WA,P,G,2024,D,D,"BIDEN, JOSEPH R., JR.",0,2369612
2020,WA,P,G,2024,R,R,"TRUMP, DONALD J.",1,1584651
2020,WA,P,G,2024,Lbt,Lbt,"JORGENSEN, JO",0,80500
2020,WA,P,G,2024,Oth,Grn,"HAWKINS, HOWIE",0,18289
2020,WA,P,G,2024,Oth,Party For Socialism And Liberation,"LA RIVA, GLORIA ESTELLA",0,4840
2020,WA,P,G,2024,Oth,Socialist Workers Party,"KENNEDY, ALYSON",0,2487
2020,WV,P,G,2024,D,D,"BIDEN, JOSEPH R., JR.",0,235984
2020,WV,P,G,2024,R,R,"TRUMP, DONALD J.",1,545382
2020,WV,P,G,2024,Lbt,Lbt,"JORGENSEN, JO",0,10687
2020,WV,P,G,2024,Oth,Grn,"HAWKINS, HOWIE",0,2599
2020,WI,P,G,2024,D,D,"BIDEN, JOSEPH R., JR.",0,1630866
2020,WI,P,G,2024,R,R,"TRUMP, DONALD J.",1,1610184
2020,WI,P,G,2024,Oth,Constitution Party,"BLANKENSHIP, DON",0,5146
2020,WI,P,G,2024,Oth,Independent,"JORGENSEN, JO",0,38491
2020,WI,P,G,2024,Oth,American Solidarity Party,"CARROLL, BRIAN",0,5259
2020,WI,P,G,2024,W-I,Independent,"WELLS, KASEY",0,25
2020,WI,P,G,2024,W-I,Becoming One Nation,"SIMMONS, JADE",0,36
2020,WI,P,G,2024,W-I,Grn,"HAWKINS, HOWIE",0,1089
2020,WI,P,G,2024,W-I,Party For Socialism And Liberation,"LA RIVA, GLORIA ESTELLA",0,110
2020,WI,P,G,2024,W-I,The Birthday Party,"WEST, KANYE",0,411
2020,WI,P,G,2024,W-I,Independent,"CHARLES, MARK",0,52
2020,WY,P,G,2024,D,D,"BIDEN, JOSEPH R., JR.",0,73491
2020,WY,P,G,2024,R,R,"TRUMP, DONALD J.",1,193559
2020,WY,P,G,2024,Lbt,Lbt,"JORGENSEN, JO",0,5768
2020,WY,P,G,2024,Oth,Independent,"PIERCE, BROCK",0,2208
