"","Package","LibPath","Version","Priority","Depends","Imports","LinkingTo","Suggests","Enhances","License","License_is_FOSS","License_restricts_use","OS_type","MD5sum","NeedsCompilation","Built"
"askpass","askpass","/Library/Frameworks/R.framework/Versions/4.1/Resources/library","1.1",NA,NA,"sys (>= 2.1)",NA,"testthat",NA,"MIT + file LICENSE",NA,NA,NA,NA,"yes","4.1.0"
"assertthat","assertthat","/Library/Frameworks/R.framework/Versions/4.1/Resources/library","0.2.1",NA,NA,"tools",NA,"testthat, covr",NA,"GPL-3",NA,NA,NA,NA,"no","4.1.0"
"backports","backports","/Library/Frameworks/R.framework/Versions/4.1/Resources/library","1.2.1",NA,"R (>= 3.0.0)",NA,NA,NA,NA,"GPL-2 | GPL-3",NA,NA,NA,NA,"yes","4.1.0"
"base","base","/Library/Frameworks/R.framework/Versions/4.1/Resources/library","4.1.0","base",NA,NA,NA,"methods",NA,"Part of R 4.1.0",NA,NA,NA,NA,NA,"4.1.0"
"base64enc","base64enc","/Library/Frameworks/R.framework/Versions/4.1/Resources/library","0.1-3",NA,"R (>= 2.9.0)",NA,NA,NA,"png","GPL-2 | GPL-3",NA,NA,NA,NA,"yes","4.1.0"
"bench","bench","/Library/Frameworks/R.framework/Versions/4.1/Resources/library","1.1.1",NA,"R (>= 3.1)","glue, methods, pillar, profmem, rlang (>= 0.2.0), stats,
tibble, utils",NA,"covr, dplyr, forcats, ggbeeswarm, ggplot2, ggridges, mockery,
parallel, scales, testthat, tidyr (>= 0.8.1), vctrs, withr",NA,"GPL-3",NA,NA,NA,NA,"yes","4.1.0"
"BH","BH","/Library/Frameworks/R.framework/Versions/4.1/Resources/library","1.75.0-0",NA,NA,NA,NA,NA,NA,"BSL-1.0",NA,NA,NA,NA,"no","4.1.0"
"bit","bit","/Library/Frameworks/R.framework/Versions/4.1/Resources/library","4.0.4",NA,"R (>= 2.9.2)",NA,NA,"testthat (>= 0.11.0), roxygen2, knitr, rmarkdown,
microbenchmark, bit64 (>= 4.0.0), ff (>= 4.0.0)",NA,"GPL-2 | GPL-3",NA,NA,NA,NA,"yes","4.1.0"
"bit64","bit64","/Library/Frameworks/R.framework/Versions/4.1/Resources/library","4.0.5",NA,"R (>= 3.0.1), bit (>= 4.0.0), utils, methods, stats",NA,NA,NA,NA,"GPL-2 | GPL-3",NA,NA,NA,NA,"yes","4.1.0"
"bitops","bitops","/Library/Frameworks/R.framework/Versions/4.1/Resources/library","1.0-7",NA,NA,NA,NA,NA,NA,"GPL (>= 2)",NA,NA,NA,NA,"yes","4.1.0"
"blob","blob","/Library/Frameworks/R.framework/Versions/4.1/Resources/library","1.2.2",NA,NA,"methods, rlang, vctrs (>= 0.2.1)",NA,"covr, crayon, pillar (>= 1.2.1), testthat",NA,"MIT + file LICENSE",NA,NA,NA,NA,"no","4.1.0"
"boot","boot","/Library/Frameworks/R.framework/Versions/4.1/Resources/library","1.3-28","recommended","R (>= 3.0.0), graphics, stats",NA,NA,"MASS, survival",NA,"Unlimited",NA,NA,NA,NA,"no","4.1.0"
"brew","brew","/Library/Frameworks/R.framework/Versions/4.1/Resources/library","1.0-6",NA,NA,NA,NA,NA,NA,"GPL-2",NA,NA,NA,NA,NA,"4.1.0"
"brio","brio","/Library/Frameworks/R.framework/Versions/4.1/Resources/library","1.1.2",NA,NA,NA,NA,"testthat (>= 2.1.0), covr",NA,"MIT + file LICENSE",NA,NA,NA,NA,"yes","4.1.0"
"broom","broom","/Library/Frameworks/R.framework/Versions/4.1/Resources/library","0.7.9",NA,"R (>= 3.1)","backports, dplyr (>= 1.0.0), ellipsis, generics (>= 0.0.2),
glue, methods, purrr, rlang, stringr, tibble (>= 3.0.0), tidyr
(>= 1.0.0)",NA,"AER, akima, AUC, bbmle, betareg, biglm, binGroup, boot,
btergm, car, caret, cluster, cmprsk, coda, covr, drc, e1071,
emmeans, epiR, ergm (>= 3.10.4), fixest (>= 0.9.0), gam (>=
1.15), gee, geepack, ggplot2, glmnet, glmnetUtils, gmm, Hmisc,
irlba, joineRML, Kendall, knitr, ks, Lahman, lavaan, leaps,
lfe, lm.beta, lme4, lmodel2, lmtest (>= 0.9.38), lsmeans, maps,
maptools, margins, MASS, Matrix, mclust, mediation, metafor,
mfx, mgcv, mlogit, modeldata, modeltests, muhaz, multcomp,
network, nnet, orcutt (>= 2.2), ordinal, plm, poLCA, psych,
quantreg, rgeos, rmarkdown, robust, robustbase, rsample,
sandwich, sp, spdep (>= 1.1), spatialreg, speedglm, spelling,
survey, survival, systemfit, testthat (>= 2.1.0), tseries,
vars, zoo",NA,"MIT + file LICENSE",NA,NA,NA,NA,"no","4.1.0"
"bslib","bslib","/Library/Frameworks/R.framework/Versions/4.1/Resources/library","0.2.5.1",NA,"R (>= 2.10)","grDevices, htmltools (>= 0.5.1), jsonlite, sass (>= 0.4.0),
jquerylib (>= 0.1.3), rlang, magrittr",NA,"shiny (>= 1.6.0), rmarkdown (>= 2.7), thematic, knitr,
testthat, withr, rappdirs, curl",NA,"MIT + file LICENSE",NA,NA,NA,NA,"no","4.1.0"
"cachem","cachem","/Library/Frameworks/R.framework/Versions/4.1/Resources/library","1.0.5",NA,NA,"rlang, fastmap",NA,"testthat",NA,"MIT + file LICENSE",NA,NA,NA,NA,"yes","4.1.0"
"callr","callr","/Library/Frameworks/R.framework/Versions/4.1/Resources/library","3.7.0",NA,NA,"processx (>= 3.5.0), R6, utils",NA,"cli, covr, ps, rprojroot, spelling, testthat, withr (>=
2.3.0)",NA,"MIT + file LICENSE",NA,NA,NA,NA,"no","4.1.0"
"cellranger","cellranger","/Library/Frameworks/R.framework/Versions/4.1/Resources/library","1.1.0",NA,"R (>= 3.0.0)","rematch, tibble",NA,"covr, testthat (>= 1.0.0), knitr, rmarkdown",NA,"MIT + file LICENSE",NA,NA,NA,NA,"no","4.1.0"
"checkmate","checkmate","/Library/Frameworks/R.framework/Versions/4.1/Resources/library","2.0.0",NA,"R (>= 3.0.0)","backports (>= 1.1.0), utils",NA,"R6, fastmatch, data.table (>= 1.9.8), devtools, ggplot2,
knitr, magrittr, microbenchmark, rmarkdown, testthat (>=
0.11.0), tinytest (>= 1.1.0), tibble",NA,"BSD_3_clause + file LICENSE",NA,NA,NA,NA,"yes","4.1.0"
"class","class","/Library/Frameworks/R.framework/Versions/4.1/Resources/library","7.3-19","recommended","R (>= 3.0.0), stats, utils","MASS",NA,NA,NA,"GPL-2 | GPL-3",NA,NA,NA,NA,"yes","4.1.0"
"classInt","classInt","/Library/Frameworks/R.framework/Versions/4.1/Resources/library","0.4-3",NA,"R (>= 2.2)","grDevices, stats, graphics, e1071, class, KernSmooth",NA,"spData (>= 0.2.6.2), units, knitr, rmarkdown",NA,"GPL (>= 2)",NA,NA,NA,NA,"yes","4.1.0"
"cli","cli","/Library/Frameworks/R.framework/Versions/4.1/Resources/library","3.0.1",NA,"R (>= 2.10)","glue, utils",NA,"callr, covr, grDevices, htmlwidgets, knitr, methods, mockery,
prettycode (>= 1.1.0), processx, ps (>= 1.3.4.9000), rlang,
rmarkdown, rstudioapi, shiny, testthat, tibble, withr",NA,"MIT + file LICENSE",NA,NA,NA,NA,"yes","4.1.0"
"clipr","clipr","/Library/Frameworks/R.framework/Versions/4.1/Resources/library","0.7.1",NA,NA,"utils",NA,"covr, knitr, rmarkdown, rstudioapi (>= 0.5), testthat (>=
2.0.0)",NA,"GPL-3",NA,NA,NA,NA,"no","4.1.0"
"cluster","cluster","/Library/Frameworks/R.framework/Versions/4.1/Resources/library","2.1.2","recommended","R (>= 3.4.0)","graphics, grDevices, stats, utils",NA,"MASS, Matrix",NA,"GPL (>= 2)",NA,NA,NA,NA,"yes","4.1.0"
"codetools","codetools","/Library/Frameworks/R.framework/Versions/4.1/Resources/library","0.2-18","recommended","R (>= 2.1)",NA,NA,NA,NA,"GPL",NA,NA,NA,NA,"no","4.1.0"
"colorspace","colorspace","/Library/Frameworks/R.framework/Versions/4.1/Resources/library","2.0-2",NA,"R (>= 3.0.0), methods","graphics, grDevices, stats",NA,"datasets, utils, KernSmooth, MASS, kernlab, mvtnorm, vcd,
tcltk, shiny, shinyjs, ggplot2, dplyr, scales, grid, png, jpeg,
knitr, rmarkdown, RColorBrewer, rcartocolor, scico, viridis,
wesanderson",NA,"BSD_3_clause + file LICENSE",NA,NA,NA,NA,"yes","4.1.0"
"commonmark","commonmark","/Library/Frameworks/R.framework/Versions/4.1/Resources/library","1.7",NA,NA,NA,NA,"curl, testthat, xml2",NA,"BSD_2_clause + file LICENSE",NA,NA,NA,NA,"yes","4.1.0"
"compiler","compiler","/Library/Frameworks/R.framework/Versions/4.1/Resources/library","4.1.0","base",NA,NA,NA,NA,NA,"Part of R 4.1.0",NA,NA,NA,NA,NA,"4.1.0"
"covr","covr","/Library/Frameworks/R.framework/Versions/4.1/Resources/library","3.5.1",NA,"R (>= 3.1.0), methods","digest, stats, utils, jsonlite, rex, httr, crayon, withr (>=
1.0.2), yaml",NA,"R6, curl, knitr, rmarkdown, htmltools, DT (>= 0.2), testthat,
rlang, rstudioapi (>= 0.2), xml2 (>= 1.0.0), parallel, memoise,
mockery",NA,"GPL-3",NA,NA,NA,NA,"yes","4.1.0"
"cpp11","cpp11","/Library/Frameworks/R.framework/Versions/4.1/Resources/library","0.3.1",NA,NA,NA,NA,"bench, brio, callr, cli, covr, decor, desc, ggplot2, glue,
knitr, lobstr, mockery, progress, rmarkdown, scales, Rcpp,
testthat, tibble, utils, vctrs, withr",NA,"MIT + file LICENSE",NA,NA,NA,NA,"no","4.1.0"
"crayon","crayon","/Library/Frameworks/R.framework/Versions/4.1/Resources/library","1.4.1",NA,NA,"grDevices, methods, utils",NA,"mockery, rstudioapi, testthat, withr",NA,"MIT + file LICENSE",NA,NA,NA,NA,"no","4.1.0"
"credentials","credentials","/Library/Frameworks/R.framework/Versions/4.1/Resources/library","1.3.1",NA,NA,"openssl (>= 1.3), sys (>= 2.1), curl, jsonlite, askpass",NA,"testthat, knitr, rmarkdown",NA,"MIT + file LICENSE",NA,NA,NA,NA,"no","4.1.0"
"curl","curl","/Library/Frameworks/R.framework/Versions/4.1/Resources/library","4.3.2",NA,"R (>= 3.0.0)",NA,NA,"spelling, testthat (>= 1.0.0), knitr, jsonlite, rmarkdown,
magrittr, httpuv (>= 1.4.4), webutils",NA,"MIT + file LICENSE",NA,NA,NA,NA,"yes","4.1.0"
"data.table","data.table","/Library/Frameworks/R.framework/Versions/4.1/Resources/library","1.14.0",NA,"R (>= 3.1.0)","methods",NA,"bit64 (>= 4.0.0), bit (>= 4.0.4), curl, R.utils, xts,
nanotime, zoo (>= 1.8-1), yaml, knitr, rmarkdown",NA,"MPL-2.0 | file LICENSE",NA,NA,NA,NA,"yes","4.1.0"
"datasets","datasets","/Library/Frameworks/R.framework/Versions/4.1/Resources/library","4.1.0","base",NA,NA,NA,NA,NA,"Part of R 4.1.0",NA,NA,NA,NA,NA,"4.1.0"
"DBI","DBI","/Library/Frameworks/R.framework/Versions/4.1/Resources/library","1.1.1",NA,"methods, R (>= 3.0.0)",NA,NA,"blob, covr, dbplyr, dplyr, glue, hms, knitr, magrittr,
rmarkdown, rprojroot, RMariaDB, RSQLite (>= 1.1-2), testthat,
xml2",NA,"LGPL (>= 2.1)",NA,NA,NA,NA,"no","4.1.0"
"dbplyr","dbplyr","/Library/Frameworks/R.framework/Versions/4.1/Resources/library","2.1.1",NA,"R (>= 3.1)","assertthat (>= 0.2.0), blob (>= 1.2.0), DBI (>= 1.0.0), dplyr
(>= 1.0.4), ellipsis, glue (>= 1.2.0), lifecycle (>= 1.0.0),
magrittr, methods, purrr (>= 0.2.5), R6 (>= 2.2.2), rlang (>=
0.2.0), tibble (>= 1.4.2), tidyselect (>= 0.2.4), utils, vctrs,
withr",NA,"bit64, covr, knitr, Lahman, nycflights13, odbc, RMariaDB (>=
1.0.2), rmarkdown, RPostgres (>= 1.1.3), RPostgreSQL, RSQLite
(>= 2.1.0), testthat (>= 3.0.2), tidyr",NA,"MIT + file LICENSE",NA,NA,NA,NA,"no","4.1.0"
"desc","desc","/Library/Frameworks/R.framework/Versions/4.1/Resources/library","1.3.0",NA,"R (>= 3.1.0)","utils, R6, crayon, rprojroot",NA,"covr, testthat, whoami, withr, spelling, gh",NA,"MIT + file LICENSE",NA,NA,NA,NA,"no","4.1.0"
"devtools","devtools","/Library/Frameworks/R.framework/Versions/4.1/Resources/library","2.4.2",NA,"R (>= 3.0.2), usethis (>= 2.0.1)","callr (>= 3.6.0), cli (>= 2.4.0), desc (>= 1.3.0), ellipsis
(>= 0.3.1), fs (>= 1.5.0), httr (>= 1.4.2), lifecycle (>=
1.0.0), memoise (>= 2.0.0), pkgbuild (>= 1.2.0), pkgload (>=
1.2.1), rcmdcheck (>= 1.3.3), remotes (>= 2.3.0), rlang (>=
0.4.10), roxygen2 (>= 7.1.1), rstudioapi (>= 0.13), rversions
(>= 2.0.2), sessioninfo (>= 1.1.1), stats, testthat (>= 3.0.2),
tools, utils, withr (>= 2.4.1)",NA,"BiocManager (>= 1.30.12), covr (>= 3.5.1), curl (>= 4.3),
digest (>= 0.6.27), DT (>= 0.17), foghorn (>= 1.3.2), gh (>=
1.2.1), gmailr (>= 1.0.0), knitr (>= 1.31), lintr (>= 2.0.1),
MASS, mockery (>= 0.4.2), pingr (>= 2.0.1), pkgdown (>= 1.6.1),
rhub (>= 1.1.1), rmarkdown (>= 2.7), spelling (>= 2.2)",NA,"MIT + file LICENSE",NA,NA,NA,NA,"no","4.1.0"
"diffobj","diffobj","/Library/Frameworks/R.framework/Versions/4.1/Resources/library","0.3.4",NA,"R (>= 3.1.0)","crayon (>= 1.3.2), tools, methods, utils, stats",NA,"knitr, rmarkdown",NA,"GPL (>= 2)",NA,NA,NA,NA,"yes","4.1.0"
"digest","digest","/Library/Frameworks/R.framework/Versions/4.1/Resources/library","0.6.27",NA,"R (>= 3.3.0)","utils",NA,"tinytest, knitr, rmarkdown, minidown",NA,"GPL (>= 2)",NA,NA,NA,NA,"yes","4.1.0"
"dplyr","dplyr","/Library/Frameworks/R.framework/Versions/4.1/Resources/library","1.0.7",NA,"R (>= 3.3.0)","ellipsis, generics, glue (>= 1.3.2), lifecycle (>= 1.0.0),
magrittr (>= 1.5), methods, R6, rlang (>= 0.4.10), tibble (>=
2.1.3), tidyselect (>= 1.1.0), utils, vctrs (>= 0.3.5), pillar
(>= 1.5.1)",NA,"bench, broom, callr, covr, DBI, dbplyr (>= 1.4.3), knitr,
Lahman, lobstr, microbenchmark, nycflights13, purrr, rmarkdown,
RMySQL, RPostgreSQL, RSQLite, testthat (>= 3.0.2), tidyr, withr",NA,"MIT + file LICENSE",NA,NA,NA,NA,"yes","4.1.0"
"dtplyr","dtplyr","/Library/Frameworks/R.framework/Versions/4.1/Resources/library","1.1.0",NA,"R (>= 3.3)","crayon, data.table (>= 1.12.4), dplyr (>= 1.0.3), ellipsis,
glue, lifecycle, rlang, tibble, tidyselect, vctrs",NA,"bench, covr, knitr, rmarkdown, testthat (>= 3.0.0), tidyr (>=
1.1.0)",NA,"MIT + file LICENSE",NA,NA,NA,NA,"no","4.1.0"
"e1071","e1071","/Library/Frameworks/R.framework/Versions/4.1/Resources/library","1.7-8",NA,NA,"graphics, grDevices, class, stats, methods, utils, proxy",NA,"cluster, mlbench, nnet, randomForest, rpart, SparseM, xtable,
Matrix, MASS, slam",NA,"GPL-2 | GPL-3",NA,NA,NA,NA,"yes","4.1.0"
"ellipsis","ellipsis","/Library/Frameworks/R.framework/Versions/4.1/Resources/library","0.3.2",NA,"R (>= 3.2)","rlang (>= 0.3.0)",NA,"covr, testthat",NA,"MIT + file LICENSE",NA,NA,NA,NA,"yes","4.1.0"
"evaluate","evaluate","/Library/Frameworks/R.framework/Versions/4.1/Resources/library","0.14",NA,"R (>= 3.0.2)","methods",NA,"testthat, lattice, ggplot2",NA,"MIT + file LICENSE",NA,NA,NA,NA,"no","4.1.0"
"fansi","fansi","/Library/Frameworks/R.framework/Versions/4.1/Resources/library","0.5.0",NA,"R (>= 3.1.0)","grDevices, utils",NA,"unitizer, knitr, rmarkdown",NA,"GPL (>= 2)",NA,NA,NA,NA,"yes","4.1.0"
"farver","farver","/Library/Frameworks/R.framework/Versions/4.1/Resources/library","2.1.0",NA,NA,NA,NA,"testthat (>= 2.1.0), covr",NA,"MIT + file LICENSE",NA,NA,NA,NA,"yes","4.1.0"
"fastmap","fastmap","/Library/Frameworks/R.framework/Versions/4.1/Resources/library","1.1.0",NA,NA,NA,NA,"testthat (>= 2.1.1)",NA,"MIT + file LICENSE",NA,NA,NA,NA,"yes","4.1.0"
"forcats","forcats","/Library/Frameworks/R.framework/Versions/4.1/Resources/library","0.5.1",NA,"R (>= 3.2)","ellipsis, magrittr, rlang, tibble",NA,"covr, dplyr, ggplot2, knitr, readr, rmarkdown, testthat",NA,"MIT + file LICENSE",NA,NA,NA,NA,"no","4.1.0"
"foreign","foreign","/Library/Frameworks/R.framework/Versions/4.1/Resources/library","0.8-81","recommended","R (>= 4.0.0)","methods, utils, stats",NA,NA,NA,"GPL (>= 2)",NA,NA,NA,NA,"yes","4.1.0"
"fs","fs","/Library/Frameworks/R.framework/Versions/4.1/Resources/library","1.5.0",NA,"R (>= 3.1)","methods",NA,"testthat, covr, pillar (>= 1.0.0), tibble (>= 1.1.0), crayon,
rmarkdown, knitr, withr, spelling, vctrs (>= 0.3.0)",NA,"GPL-3",NA,NA,NA,NA,"yes","4.1.0"
"gargle","gargle","/Library/Frameworks/R.framework/Versions/4.1/Resources/library","1.2.0",NA,"R (>= 3.3)","cli (>= 3.0.0), fs (>= 1.3.1), glue (>= 1.3.0), httr (>=
1.4.0), jsonlite, rappdirs, rlang (>= 0.4.9), rstudioapi,
stats, utils, withr",NA,"aws.ec2metadata, aws.signature, covr, httpuv, knitr, mockr,
rmarkdown, sodium, spelling, testthat (>= 3.0.0)",NA,"MIT + file LICENSE",NA,NA,NA,NA,"no","4.1.0"
"generics","generics","/Library/Frameworks/R.framework/Versions/4.1/Resources/library","0.1.0",NA,"R (>= 3.1)","methods",NA,"covr, pkgload, testthat, tibble",NA,"MIT + file LICENSE",NA,NA,NA,NA,"no","4.1.0"
"gert","gert","/Library/Frameworks/R.framework/Versions/4.1/Resources/library","1.3.1",NA,NA,"askpass, credentials (>= 1.2.1), openssl (>= 1.4.1),
rstudioapi (>= 0.11), sys, zip (>= 2.1.0)",NA,"spelling, knitr, rmarkdown, testthat",NA,"MIT + file LICENSE",NA,NA,NA,NA,"yes","4.1.0"
"ggplot2","ggplot2","/Library/Frameworks/R.framework/Versions/4.1/Resources/library","3.3.5",NA,"R (>= 3.3)","digest, glue, grDevices, grid, gtable (>= 0.1.1), isoband,
MASS, mgcv, rlang (>= 0.4.10), scales (>= 0.5.0), stats,
tibble, withr (>= 2.0.0)",NA,"covr, ragg, dplyr, ggplot2movies, hexbin, Hmisc, interp,
knitr, lattice, mapproj, maps, maptools, multcomp, munsell,
nlme, profvis, quantreg, RColorBrewer, rgeos, rmarkdown, rpart,
sf (>= 0.7-3), svglite (>= 1.2.0.9001), testthat (>= 2.1.0),
vdiffr (>= 1.0.0), xml2","sp","MIT + file LICENSE",NA,NA,NA,NA,"no","4.1.0"
"gh","gh","/Library/Frameworks/R.framework/Versions/4.1/Resources/library","1.3.0",NA,NA,"cli (>= 2.0.1), gitcreds, httr (>= 1.2), ini, jsonlite",NA,"covr, knitr, mockery, rmarkdown, rprojroot, spelling,
testthat (>= 2.3.2), withr",NA,"MIT + file LICENSE",NA,NA,NA,NA,"no","4.1.0"
"gitcreds","gitcreds","/Library/Frameworks/R.framework/Versions/4.1/Resources/library","0.1.1",NA,NA,NA,NA,"codetools, testthat, knitr, mockery, oskeyring, rmarkdown,
withr",NA,"MIT + file LICENSE",NA,NA,NA,NA,"no","4.1.0"
"glue","glue","/Library/Frameworks/R.framework/Versions/4.1/Resources/library","1.4.2",NA,"R (>= 3.2)","methods",NA,"testthat, covr, magrittr, crayon, knitr, rmarkdown, DBI,
RSQLite, R.utils, forcats, microbenchmark, rprintf, stringr,
ggplot2, dplyr, withr, vctrs (>= 0.3.0)",NA,"MIT + file LICENSE",NA,NA,NA,NA,"yes","4.1.0"
"googledrive","googledrive","/Library/Frameworks/R.framework/Versions/4.1/Resources/library","2.0.0",NA,"R (>= 3.3)","cli (>= 3.0.0), gargle (>= 1.2.0), glue (>= 1.4.2), httr,
jsonlite, lifecycle, magrittr, pillar, purrr (>= 0.2.3), rlang
(>= 0.4.9), tibble (>= 2.0.0), utils, uuid, vctrs (>= 0.3.0),
withr",NA,"covr, curl, downlit, dplyr (>= 1.0.0), knitr, mockr,
rmarkdown, roxygen2, sodium, spelling, testthat (>= 3.0.0)",NA,"MIT + file LICENSE",NA,NA,NA,NA,"no","4.1.0"
"googlesheets4","googlesheets4","/Library/Frameworks/R.framework/Versions/4.1/Resources/library","1.0.0",NA,"R (>= 3.3)","cellranger, cli (>= 3.0.0), curl, gargle (>= 1.2.0), glue (>=
1.3.0), googledrive (>= 2.0.0), httr, ids, magrittr, methods,
purrr, rematch2, rlang (>= 0.4.11), tibble (>= 2.1.1), utils,
vctrs (>= 0.2.3)",NA,"covr, readr, rmarkdown, sodium, spelling, testthat (>=
3.0.0), withr",NA,"MIT + file LICENSE",NA,NA,NA,NA,"no","4.1.0"
"graphics","graphics","/Library/Frameworks/R.framework/Versions/4.1/Resources/library","4.1.0","base",NA,"grDevices",NA,NA,NA,"Part of R 4.1.0",NA,NA,NA,NA,"yes","4.1.0"
"grDevices","grDevices","/Library/Frameworks/R.framework/Versions/4.1/Resources/library","4.1.0","base",NA,NA,NA,"KernSmooth",NA,"Part of R 4.1.0",NA,NA,NA,NA,"yes","4.1.0"
"grid","grid","/Library/Frameworks/R.framework/Versions/4.1/Resources/library","4.1.0","base",NA,"grDevices, utils",NA,"lattice",NA,"Part of R 4.1.0",NA,NA,NA,NA,"yes","4.1.0"
"gt","gt","/Library/Frameworks/R.framework/Versions/4.1/Resources/library","0.3.0",NA,"R (>= 3.2.0)","bitops (>= 1.0.6), checkmate (>= 2.0.0), commonmark (>= 1.7),
dplyr (>= 0.8.5), fs (>= 1.3.2), ggplot2 (>= 3.3.0), glue (>=
1.3.2), htmltools (>= 0.5.0), magrittr (>= 1.5), rlang (>=
0.4.5), sass (>= 0.1.1), scales (>= 1.1.0), stringr (>= 1.3.1),
tibble (>= 3.0.0), tidyselect (>= 1.0.0)",NA,"covr, knitr, paletteer, testthat (>= 2.1.0), RColorBrewer,
rmarkdown, rvest, shiny, tidyr, webshot, xml2",NA,"MIT + file LICENSE",NA,NA,NA,NA,"no","4.1.0"
"gtable","gtable","/Library/Frameworks/R.framework/Versions/4.1/Resources/library","0.3.0",NA,"R (>= 3.0)","grid",NA,"covr, testthat, knitr, rmarkdown, ggplot2, profvis",NA,"GPL-2",NA,NA,NA,NA,"no","4.1.0"
"haven","haven","/Library/Frameworks/R.framework/Versions/4.1/Resources/library","2.4.1",NA,"R (>= 3.2)","forcats (>= 0.2.0), hms, methods, readr (>= 0.1.0), rlang (>=
0.4.0), tibble, tidyselect, vctrs (>= 0.3.0)","cpp11","cli, covr, crayon, fs, knitr, pillar (>= 1.4.0), rmarkdown,
testthat (>= 3.0.0)",NA,"MIT + file LICENSE",NA,NA,NA,NA,"yes","4.1.0"
"here","here","/Library/Frameworks/R.framework/Versions/4.1/Resources/library","1.0.1",NA,NA,"rprojroot (>= 2.0.2)",NA,"conflicted, covr, fs, knitr, palmerpenguins, plyr, readr,
rlang, rmarkdown, testthat, uuid, withr",NA,"MIT + file LICENSE",NA,NA,NA,NA,"no","4.1.0"
"highr","highr","/Library/Frameworks/R.framework/Versions/4.1/Resources/library","0.9",NA,"R (>= 3.2.3)","xfun (>= 0.18)",NA,"knitr, markdown, testit",NA,"GPL",NA,NA,NA,NA,"no","4.1.0"
"hms","hms","/Library/Frameworks/R.framework/Versions/4.1/Resources/library","1.1.0",NA,NA,"ellipsis (>= 0.3.2), lifecycle, methods, pkgconfig, rlang,
vctrs (>= 0.3.8)",NA,"crayon, lubridate, pillar (>= 1.1.0), testthat (>= 3.0.0)",NA,"MIT + file LICENSE",NA,NA,NA,NA,"no","4.1.0"
"htmltools","htmltools","/Library/Frameworks/R.framework/Versions/4.1/Resources/library","0.5.1.1",NA,"R (>= 2.14.1)","utils, digest, grDevices, base64enc, rlang",NA,"markdown, testthat, withr, Cairo, ragg, shiny","knitr","GPL (>= 2)",NA,NA,NA,NA,"yes","4.1.0"
"httpuv","httpuv","/Library/Frameworks/R.framework/Versions/4.1/Resources/library","1.6.1",NA,"R (>= 2.15.1)","Rcpp (>= 0.11.0), utils, R6, promises, later (>= 0.8.0)","Rcpp, later","testthat, callr, curl, websocket",NA,"GPL (>= 2) | file LICENSE",NA,NA,NA,NA,"yes","4.1.0"
"httr","httr","/Library/Frameworks/R.framework/Versions/4.1/Resources/library","1.4.2",NA,"R (>= 3.2)","curl (>= 3.0.0), jsonlite, mime, openssl (>= 0.8), R6",NA,"covr, httpuv, jpeg, knitr, png, readr, rmarkdown, testthat
(>= 0.8.0), xml2",NA,"MIT + file LICENSE",NA,NA,NA,NA,"no","4.1.0"
"ids","ids","/Library/Frameworks/R.framework/Versions/4.1/Resources/library","1.0.1",NA,NA,"openssl, uuid",NA,"knitr, rcorpora, rmarkdown, testthat",NA,"MIT + file LICENSE",NA,NA,NA,NA,"no","4.1.0"
"ini","ini","/Library/Frameworks/R.framework/Versions/4.1/Resources/library","0.3.1",NA,NA,NA,NA,"testthat",NA,"GPL-3",NA,NA,NA,NA,"no","4.1.0"
"isoband","isoband","/Library/Frameworks/R.framework/Versions/4.1/Resources/library","0.2.5",NA,NA,"grid, utils",NA,"covr, ggplot2, knitr, magick, microbenchmark, rmarkdown, sf,
testthat, xml2",NA,"MIT + file LICENSE",NA,NA,NA,NA,"yes","4.1.0"
"jquerylib","jquerylib","/Library/Frameworks/R.framework/Versions/4.1/Resources/library","0.1.4",NA,NA,"htmltools",NA,"testthat",NA,"MIT + file LICENSE",NA,NA,NA,NA,"no","4.1.0"
"jsonlite","jsonlite","/Library/Frameworks/R.framework/Versions/4.1/Resources/library","1.7.2",NA,"methods",NA,NA,"httr, curl, plyr, testthat, knitr, rmarkdown, R.rsp, sf",NA,"MIT + file LICENSE",NA,NA,NA,NA,"yes","4.1.0"
"KernSmooth","KernSmooth","/Library/Frameworks/R.framework/Versions/4.1/Resources/library","2.23-20","recommended","R (>= 2.5.0), stats",NA,NA,"MASS, carData",NA,"Unlimited",NA,NA,NA,NA,"yes","4.1.0"
"knitr","knitr","/Library/Frameworks/R.framework/Versions/4.1/Resources/library","1.33",NA,"R (>= 3.2.3)","evaluate (>= 0.10), highr, methods, markdown, stringr (>=
0.6), yaml (>= 2.1.19), xfun (>= 0.21), tools",NA,"formatR, testit, digest, rgl (>= 0.95.1201), codetools,
rmarkdown, htmlwidgets (>= 0.7), webshot, tikzDevice (>= 0.10),
tinytex, reticulate (>= 1.4), JuliaCall (>= 0.11.1), magick,
png, jpeg, gifski, xml2 (>= 1.2.0), httr, DBI (>= 0.4-1),
showtext, tibble, sass, bslib, ragg, styler (>= 1.2.0)",NA,"GPL",NA,NA,NA,NA,"no","4.1.0"
"labeling","labeling","/Library/Frameworks/R.framework/Versions/4.1/Resources/library","0.4.2",NA,NA,"stats, graphics",NA,NA,NA,"MIT + file LICENSE | Unlimited",NA,NA,NA,NA,"no","4.1.0"
"labelled","labelled","/Library/Frameworks/R.framework/Versions/4.1/Resources/library","2.8.0",NA,NA,"haven (>= 2.3.1), dplyr (>= 1.0.0), lifecycle, rlang, vctrs,
stringr, tidyr",NA,"testthat, knitr, rmarkdown, questionr, snakecase, utf8, covr,
spelling","memisc","GPL-3",NA,NA,NA,NA,"no","4.1.0"
"Lahman","Lahman","/Library/Frameworks/R.framework/Versions/4.1/Resources/library","9.0-0",NA,"R (>= 2.10)","dplyr",NA,"lattice, ggplot2, googleVis, data.table, vcd, reshape2,
tidyr, knitr, rmarkdown, car",NA,"GPL",NA,NA,NA,NA,"no","4.1.0"
"later","later","/Library/Frameworks/R.framework/Versions/4.1/Resources/library","1.2.0",NA,NA,"Rcpp (>= 0.12.9), rlang","Rcpp","knitr, rmarkdown, testthat (>= 2.1.0)",NA,"MIT + file LICENSE",NA,NA,NA,NA,"yes","4.1.0"
"lattice","lattice","/Library/Frameworks/R.framework/Versions/4.1/Resources/library","0.20-44","recommended","R (>= 3.0.0)","grid, grDevices, graphics, stats, utils",NA,"KernSmooth, MASS, latticeExtra","chron","GPL (>= 2)",NA,NA,NA,NA,"yes","4.1.0"
"lazyeval","lazyeval","/Library/Frameworks/R.framework/Versions/4.1/Resources/library","0.2.2",NA,"R (>= 3.1.0)",NA,NA,"knitr, rmarkdown (>= 0.2.65), testthat, covr",NA,"GPL-3",NA,NA,NA,NA,"yes","4.1.0"
"lifecycle","lifecycle","/Library/Frameworks/R.framework/Versions/4.1/Resources/library","1.0.0",NA,"R (>= 3.3)","glue, rlang (>= 0.4.10)",NA,"covr, crayon, knitr, rmarkdown, testthat (>= 3.0.1), tibble",NA,"MIT + file LICENSE",NA,NA,NA,NA,"no","4.1.0"
"lobstr","lobstr","/Library/Frameworks/R.framework/Versions/4.1/Resources/library","1.1.1",NA,"R (>= 3.2)","crayon, Rcpp, rlang (>= 0.3.0)","Rcpp","covr, pillar, pkgdown, testthat",NA,"GPL-3",NA,NA,NA,NA,"yes","4.1.0"
"lubridate","lubridate","/Library/Frameworks/R.framework/Versions/4.1/Resources/library","1.7.10",NA,"methods, R (>= 3.2)","generics, Rcpp (>= 0.12.13)","Rcpp","covr, knitr, testthat (>= 2.1.0), vctrs (>= 0.3.0), rmarkdown","chron, timeDate, tis, zoo","GPL (>= 2)",NA,NA,NA,NA,"yes","4.1.0"
"magrittr","magrittr","/Library/Frameworks/R.framework/Versions/4.1/Resources/library","2.0.1",NA,NA,NA,NA,"covr, knitr, rlang, rmarkdown, testthat",NA,"MIT + file LICENSE",NA,NA,NA,NA,"yes","4.1.0"
"maps","maps","/Library/Frameworks/R.framework/Versions/4.1/Resources/library","3.3.0",NA,"R (>= 3.0.0)","graphics, utils",NA,"mapproj (>= 1.2-0), mapdata (>= 2.3.0), sp, maptools,
rnaturalearth",NA,"GPL-2",NA,NA,NA,NA,"yes","4.1.0"
"maptools","maptools","/Library/Frameworks/R.framework/Versions/4.1/Resources/library","1.1-1",NA,"R (>= 2.10), sp (>= 1.0-11)","foreign (>= 0.8), methods, grid, lattice, stats, utils,
grDevices",NA,"rgeos (>= 0.1-8), spatstat.geom (>= 1.65-0), PBSmapping,
maps, RColorBrewer, raster, polyclip, plotrix, spatstat.linnet
(>= 1.65-3), spatstat.utils (>= 1.19.0), spatstat (>= 2.0-0)","gpclib","GPL (>= 2)",NA,NA,NA,NA,"yes","4.1.0"
"markdown","markdown","/Library/Frameworks/R.framework/Versions/4.1/Resources/library","1.1",NA,"R (>= 2.11.1)","utils, xfun, mime (>= 0.3)",NA,"knitr, RCurl",NA,"GPL-2",NA,NA,NA,NA,"yes","4.1.0"
"MASS","MASS","/Library/Frameworks/R.framework/Versions/4.1/Resources/library","7.3-54","recommended","R (>= 3.3.0), grDevices, graphics, stats, utils","methods",NA,"lattice, nlme, nnet, survival",NA,"GPL-2 | GPL-3",NA,NA,NA,NA,"yes","4.1.0"
"Matrix","Matrix","/Library/Frameworks/R.framework/Versions/4.1/Resources/library","1.3-4","recommended","R (>= 3.5.0)","methods, graphics, grid, stats, utils, lattice",NA,"expm, MASS","MatrixModels, graph, SparseM, sfsmisc, igraph, maptools, sp,
spdep","GPL (>= 2) | file LICENCE",NA,NA,NA,NA,"yes","4.1.0"
"memoise","memoise","/Library/Frameworks/R.framework/Versions/4.1/Resources/library","2.0.0",NA,NA,"rlang (>= 0.4.10), cachem",NA,"digest, aws.s3, covr, googleAuthR, googleCloudStorageR, httr,
testthat",NA,"MIT + file LICENSE",NA,NA,NA,NA,"no","4.1.0"
"methods","methods","/Library/Frameworks/R.framework/Versions/4.1/Resources/library","4.1.0","base",NA,"utils, stats",NA,"codetools",NA,"Part of R 4.1.0",NA,NA,NA,NA,"yes","4.1.0"
"mgcv","mgcv","/Library/Frameworks/R.framework/Versions/4.1/Resources/library","1.8-36","recommended","R (>= 3.6.0), nlme (>= 3.1-64)","methods, stats, graphics, Matrix, splines, utils",NA,"parallel, survival, MASS",NA,"GPL (>= 2)",NA,NA,NA,NA,"yes","4.1.0"
"mice","mice","/Library/Frameworks/R.framework/Versions/4.1/Resources/library","3.13.0",NA,"R (>= 2.10.0)","broom, dplyr, generics, graphics, lattice, methods, Rcpp,
rlang, stats, tidyr, utils","cpp11, Rcpp","broom.mixed, haven, knitr, lme4, MASS, metafor, mitml,
miceadds, nnet, pan, randomForest, rmarkdown, rpart, survival,
testthat, lmtest",NA,"GPL-2 | GPL-3",NA,NA,NA,NA,"yes","4.1.0"
"microbenchmark","microbenchmark","/Library/Frameworks/R.framework/Versions/4.1/Resources/library","1.4-7",NA,NA,"graphics, stats",NA,"ggplot2, multcomp, RUnit",NA,"BSD_2_clause + file LICENSE",NA,NA,NA,NA,"yes","4.1.0"
"mime","mime","/Library/Frameworks/R.framework/Versions/4.1/Resources/library","0.11",NA,NA,"tools",NA,NA,NA,"GPL",NA,NA,NA,NA,"yes","4.1.0"
"miniUI","miniUI","/Library/Frameworks/R.framework/Versions/4.1/Resources/library","0.1.1.1",NA,NA,"shiny (>= 0.13), htmltools (>= 0.3), utils",NA,NA,NA,"GPL-3",NA,NA,NA,NA,"no","4.1.0"
"minqa","minqa","/Library/Frameworks/R.framework/Versions/4.1/Resources/library","1.2.4",NA,NA,"Rcpp (>= 0.9.10)","Rcpp",NA,NA,"GPL-2",NA,NA,NA,NA,"yes","4.1.0"
"mitools","mitools","/Library/Frameworks/R.framework/Versions/4.1/Resources/library","2.4",NA,NA,"DBI, methods, stats",NA,"RODBC, foreign",NA,"GPL-2",NA,NA,NA,NA,"no","4.1.0"
"modelr","modelr","/Library/Frameworks/R.framework/Versions/4.1/Resources/library","0.1.8",NA,"R (>= 3.2)","broom, magrittr, purrr (>= 0.2.2), rlang (>= 0.2.0), tibble,
tidyr (>= 0.8.0), tidyselect, vctrs",NA,"compiler, covr, ggplot2, testthat",NA,"GPL-3",NA,NA,NA,NA,"no","4.1.0"
"munsell","munsell","/Library/Frameworks/R.framework/Versions/4.1/Resources/library","0.5.0",NA,NA,"colorspace, methods",NA,"ggplot2, testthat",NA,"MIT + file LICENSE",NA,NA,NA,NA,"no","4.1.0"
"nlme","nlme","/Library/Frameworks/R.framework/Versions/4.1/Resources/library","3.1-152","recommended","R (>= 3.4.0)","graphics, stats, utils, lattice",NA,"Hmisc, MASS",NA,"GPL (>= 2) | file LICENCE",NA,NA,NA,NA,"yes","4.1.0"
"nnet","nnet","/Library/Frameworks/R.framework/Versions/4.1/Resources/library","7.3-16","recommended","R (>= 3.0.0), stats, utils",NA,NA,"MASS",NA,"GPL-2 | GPL-3",NA,NA,NA,NA,"yes","4.1.0"
"numDeriv","numDeriv","/Library/Frameworks/R.framework/Versions/4.1/Resources/library","2016.8-1.1",NA,"R (>= 2.11.1)",NA,NA,NA,NA,"GPL-2",NA,NA,NA,NA,"no","4.1.0"
"nycflights13","nycflights13","/Library/Frameworks/R.framework/Versions/4.1/Resources/library","1.0.2",NA,"R (>= 3.2)","tibble",NA,"dplyr",NA,"CC0",NA,NA,NA,NA,"no","4.1.0"
"openssl","openssl","/Library/Frameworks/R.framework/Versions/4.1/Resources/library","1.4.4",NA,NA,"askpass",NA,"testthat (>= 2.1.0), digest, knitr, rmarkdown, jsonlite,
jose, sodium",NA,"MIT + file LICENSE",NA,NA,NA,NA,"yes","4.1.0"
"openxlsx","openxlsx","/Library/Frameworks/R.framework/Versions/4.1/Resources/library","4.2.4",NA,"R (>= 3.3.0)","grDevices, methods, Rcpp, stats, utils, zip, stringi","Rcpp","knitr, testthat, roxygen2, rmarkdown",NA,"MIT + file LICENSE",NA,NA,NA,NA,"yes","4.1.0"
"parallel","parallel","/Library/Frameworks/R.framework/Versions/4.1/Resources/library","4.1.0","base",NA,"tools, compiler",NA,"methods","snow, nws, Rmpi","Part of R 4.1.0",NA,NA,NA,NA,"yes","4.1.0"
"pewmethods","pewmethods","/Library/Frameworks/R.framework/Versions/4.1/Resources/library","1.0",NA,"R (>= 3.5)","dplyr, tibble, tidyr, purrr, forcats, stringr, haven, survey,
rlang, mice, ranger, openxlsx",NA,"knitr, rmarkdown",NA,"MIT",NA,NA,NA,NA,"no","4.1.0"
"pillar","pillar","/Library/Frameworks/R.framework/Versions/4.1/Resources/library","1.6.1",NA,NA,"cli, crayon (>= 1.3.4), ellipsis (>= 0.3.2), fansi, lifecycle,
rlang (>= 0.3.0), utf8 (>= 1.1.0), utils, vctrs (>= 0.3.8)",NA,"bit64, debugme, DiagrammeR, dplyr, formattable, ggplot2,
knitr, lubridate, nycflights13, palmerpenguins, rmarkdown,
scales, stringi, survival, testthat (>= 3.0.2), tibble, units,
withr",NA,"MIT + file LICENSE",NA,NA,NA,NA,"no","4.1.0"
"pkgbuild","pkgbuild","/Library/Frameworks/R.framework/Versions/4.1/Resources/library","1.2.0",NA,"R (>= 3.1)","callr (>= 3.2.0), cli, crayon, desc, prettyunits, R6,
rprojroot, withr (>= 2.1.2)",NA,"Rcpp, cpp11, testthat, covr",NA,"MIT + file LICENSE",NA,NA,NA,NA,"no","4.1.0"
"pkgconfig","pkgconfig","/Library/Frameworks/R.framework/Versions/4.1/Resources/library","2.0.3",NA,NA,"utils",NA,"covr, testthat, disposables (>= 1.0.3)",NA,"MIT + file LICENSE",NA,NA,NA,NA,"no","4.1.0"
"pkgload","pkgload","/Library/Frameworks/R.framework/Versions/4.1/Resources/library","1.2.1",NA,NA,"cli, crayon, desc, methods, rlang, rprojroot, rstudioapi,
utils, withr",NA,"bitops, covr, pkgbuild, Rcpp, testthat",NA,"GPL-3",NA,NA,NA,NA,"yes","4.1.0"
"plogr","plogr","/Library/Frameworks/R.framework/Versions/4.1/Resources/library","0.2.0",NA,NA,NA,NA,"Rcpp",NA,"MIT + file LICENSE",NA,NA,NA,NA,"no","4.1.0"
"praise","praise","/Library/Frameworks/R.framework/Versions/4.1/Resources/library","1.0.0",NA,NA,NA,NA,"testthat",NA,"MIT + file LICENSE",NA,NA,NA,NA,"no","4.1.0"
"prettyunits","prettyunits","/Library/Frameworks/R.framework/Versions/4.1/Resources/library","1.1.1",NA,NA,NA,NA,"codetools, covr, testthat",NA,"MIT + file LICENSE",NA,NA,NA,NA,"no","4.1.0"
"processx","processx","/Library/Frameworks/R.framework/Versions/4.1/Resources/library","3.5.2",NA,NA,"ps (>= 1.2.0), R6, utils",NA,"callr (>= 3.2.0), cli, codetools, covr, curl, debugme,
parallel, testthat, withr",NA,"MIT + file LICENSE",NA,NA,NA,NA,"yes","4.1.0"
"profmem","profmem","/Library/Frameworks/R.framework/Versions/4.1/Resources/library","0.6.0",NA,NA,"utils",NA,"R.rsp, markdown, microbenchmark",NA,"LGPL (>= 2.1)",NA,NA,NA,NA,"no","4.1.0"
"progress","progress","/Library/Frameworks/R.framework/Versions/4.1/Resources/library","1.2.2",NA,NA,"hms, prettyunits, R6, crayon",NA,"Rcpp, testthat, withr",NA,"MIT + file LICENSE",NA,NA,NA,NA,"no","4.1.0"
"promises","promises","/Library/Frameworks/R.framework/Versions/4.1/Resources/library","1.2.0.1",NA,NA,"R6, Rcpp, later, rlang, stats, magrittr","later, Rcpp","testthat, future (>= 1.21.0), fastmap (>= 1.1.0), purrr,
knitr, rmarkdown, vembedr, spelling",NA,"MIT + file LICENSE",NA,NA,NA,NA,"yes","4.1.0"
"proxy","proxy","/Library/Frameworks/R.framework/Versions/4.1/Resources/library","0.4-26",NA,"R (>= 3.4.0)","stats, utils",NA,"cba",NA,"GPL-2",NA,NA,NA,NA,"yes","4.1.0"
"ps","ps","/Library/Frameworks/R.framework/Versions/4.1/Resources/library","1.6.0",NA,"R (>= 3.1)","utils",NA,"callr, covr, curl, pingr, processx (>= 3.1.0), R6, rlang,
testthat, tibble",NA,"MIT + file LICENSE",NA,NA,NA,NA,"yes","4.1.0"
"purrr","purrr","/Library/Frameworks/R.framework/Versions/4.1/Resources/library","0.3.4",NA,"R (>= 3.2)","magrittr (>= 1.5), rlang (>= 0.3.1)",NA,"covr, crayon, dplyr (>= 0.7.8), knitr, rmarkdown, testthat,
tibble, tidyselect",NA,"GPL-3 | file LICENSE",NA,NA,NA,NA,"yes","4.1.0"
"R.cache","R.cache","/Library/Frameworks/R.framework/Versions/4.1/Resources/library","0.15.0",NA,"R (>= 2.14.0)","utils, R.methodsS3 (>= 1.8.1), R.oo (>= 1.24.0), R.utils (>=
2.10.1), digest (>= 0.6.13)",NA,NA,NA,"LGPL (>= 2.1)",NA,NA,NA,NA,"no","4.1.0"
"R.methodsS3","R.methodsS3","/Library/Frameworks/R.framework/Versions/4.1/Resources/library","1.8.1",NA,"R (>= 2.13.0)","utils",NA,"codetools",NA,"LGPL (>= 2.1)",NA,NA,NA,NA,"no","4.1.0"
"R.oo","R.oo","/Library/Frameworks/R.framework/Versions/4.1/Resources/library","1.24.0",NA,"R (>= 2.13.0), R.methodsS3 (>= 1.8.0)","methods, utils",NA,"tools",NA,"LGPL (>= 2.1)",NA,NA,NA,NA,"no","4.1.0"
"R.utils","R.utils","/Library/Frameworks/R.framework/Versions/4.1/Resources/library","2.10.1",NA,"R (>= 2.14.0), R.oo (>= 1.23.0)","methods, utils, tools, R.methodsS3 (>= 1.8.0)",NA,"digest (>= 0.6.10)",NA,"LGPL (>= 2.1)",NA,NA,NA,NA,"no","4.1.0"
"R6","R6","/Library/Frameworks/R.framework/Versions/4.1/Resources/library","2.5.0",NA,"R (>= 3.0)",NA,NA,"knitr, microbenchmark, pryr, testthat, ggplot2, scales",NA,"MIT + file LICENSE",NA,NA,NA,NA,"no","4.1.0"
"ranger","ranger","/Library/Frameworks/R.framework/Versions/4.1/Resources/library","0.13.1",NA,"R (>= 3.1)","Rcpp (>= 0.11.2), Matrix","Rcpp, RcppEigen","covr, survival, testthat",NA,"GPL-3",NA,NA,NA,NA,"yes","4.1.0"
"rappdirs","rappdirs","/Library/Frameworks/R.framework/Versions/4.1/Resources/library","0.3.3",NA,"R (>= 3.2)",NA,NA,"roxygen2, testthat (>= 3.0.0), covr, withr",NA,"MIT + file LICENSE",NA,NA,NA,NA,"yes","4.1.0"
"rcmdcheck","rcmdcheck","/Library/Frameworks/R.framework/Versions/4.1/Resources/library","1.3.3",NA,NA,"callr (>= 3.1.1.9000), cli (>= 1.1.0), crayon, desc (>=
1.2.0), digest, pkgbuild, prettyunits, R6, rprojroot,
sessioninfo (>= 1.1.1), utils, withr, xopen",NA,"covr, knitr, mockery, rmarkdown, testthat",NA,"MIT + file LICENSE",NA,NA,NA,NA,"no","4.1.0"
"RColorBrewer","RColorBrewer","/Library/Frameworks/R.framework/Versions/4.1/Resources/library","1.1-2",NA,"R (>= 2.0.0)",NA,NA,NA,NA,"Apache License 2.0",NA,NA,NA,NA,"no","4.1.0"
"Rcpp","Rcpp","/Library/Frameworks/R.framework/Versions/4.1/Resources/library","1.0.7",NA,NA,"methods, utils",NA,"tinytest, inline, rbenchmark, pkgKitten (>= 0.1.2)",NA,"GPL (>= 2)",NA,NA,NA,NA,"yes","4.1.0"
"RcppEigen","RcppEigen","/Library/Frameworks/R.framework/Versions/4.1/Resources/library","0.3.3.9.1",NA,NA,"Matrix (>= 1.1-0), Rcpp (>= 0.11.0), stats, utils","Rcpp","inline, tinytest, pkgKitten, microbenchmark",NA,"GPL (>= 2) | file LICENSE",NA,NA,NA,NA,"yes","4.1.0"
"readr","readr","/Library/Frameworks/R.framework/Versions/4.1/Resources/library","2.0.0",NA,"R (>= 3.1)","cli, clipr, crayon, hms (>= 0.4.1), methods, rlang, R6,
tibble, vroom (>= 1.5.2), utils, lifecycle (>= 0.2.0)","cpp11, tzdb (>= 0.1.1)","covr, curl, dplyr, knitr, rmarkdown, spelling, stringi,
testthat, tzdb (>= 0.1.1), withr, xml2",NA,"MIT + file LICENSE",NA,NA,NA,NA,"yes","4.1.0"
"readxl","readxl","/Library/Frameworks/R.framework/Versions/4.1/Resources/library","1.3.1",NA,NA,"cellranger, Rcpp (>= 0.12.18), tibble (>= 1.3.1), utils","progress, Rcpp","covr, knitr, rmarkdown, rprojroot (>= 1.1), testthat",NA,"GPL-3",NA,NA,NA,NA,"yes","4.1.0"
"rematch","rematch","/Library/Frameworks/R.framework/Versions/4.1/Resources/library","1.0.1",NA,NA,NA,NA,"covr, testthat",NA,"MIT + file LICENSE",NA,NA,NA,NA,"no","4.1.0"
"rematch2","rematch2","/Library/Frameworks/R.framework/Versions/4.1/Resources/library","2.1.2",NA,NA,"tibble",NA,"covr, testthat",NA,"MIT + file LICENSE",NA,NA,NA,NA,"no","4.1.0"
"remotes","remotes","/Library/Frameworks/R.framework/Versions/4.1/Resources/library","2.4.0",NA,"R (>= 3.0.0)","methods, stats, tools, utils",NA,"brew, callr, codetools, curl, covr, git2r (>= 0.23.0), knitr,
mockery, pkgbuild (>= 1.0.1), pingr, rmarkdown, rprojroot,
testthat, webfakes, withr",NA,"MIT + file LICENSE",NA,NA,NA,NA,"no","4.1.0"
"reprex","reprex","/Library/Frameworks/R.framework/Versions/4.1/Resources/library","2.0.0",NA,"R (>= 3.3)","callr (>= 3.6.0), cli (>= 2.3.1), clipr (>= 0.4.0), fs, glue,
knitr (>= 1.23), rlang (>= 0.4.0), rmarkdown, rstudioapi,
utils, withr (>= 2.3.0)",NA,"covr, fortunes, miniUI, mockr, rprojroot, sessioninfo, shiny,
spelling, styler (>= 1.2.0), testthat (>= 3.0.2)",NA,"MIT + file LICENSE",NA,NA,NA,NA,"no","4.1.0"
"rex","rex","/Library/Frameworks/R.framework/Versions/4.1/Resources/library","1.2.0",NA,NA,"lazyeval",NA,"testthat, knitr, rmarkdown, dplyr, ggplot2, magrittr, Hmisc,
stringr, rvest, roxygen2, covr",NA,"MIT + file LICENSE",NA,NA,NA,NA,"no","4.1.0"
"rgdal","rgdal","/Library/Frameworks/R.framework/Versions/4.1/Resources/library","1.5-23",NA,"R (>= 3.5.0), methods, sp (>= 1.1-0)","grDevices, graphics, stats, utils","sp","knitr, DBI, RSQLite, maptools, mapview, rmarkdown, curl,
rgeos",NA,"GPL (>= 2)",NA,NA,NA,NA,"yes","4.1.0"
"rlang","rlang","/Library/Frameworks/R.framework/Versions/4.1/Resources/library","0.4.11",NA,"R (>= 3.3.0)","utils",NA,"cli, covr, crayon, glue, magrittr, methods, pak, pillar,
rmarkdown, testthat (>= 3.0.0), vctrs (>= 0.2.3), withr","winch","MIT + file LICENSE",NA,NA,NA,NA,"yes","4.1.0"
"rmarkdown","rmarkdown","/Library/Frameworks/R.framework/Versions/4.1/Resources/library","2.9",NA,"R (>= 3.0)","tools, utils, knitr (>= 1.22), yaml (>= 2.1.19), htmltools (>=
0.3.5), evaluate (>= 0.13), jsonlite, tinytex (>= 0.31), xfun
(>= 0.21), methods, stringr (>= 1.2.0)",NA,"shiny (>= 1.6.0), tufte, testthat (>= 3.0.0), digest,
dygraphs, vctrs, tibble, fs, rsconnect, withr (>= 2.4.2), bslib
(>= 0.2.5.1), sass (>= 0.4.0)",NA,"GPL-3",NA,NA,NA,NA,"no","4.1.0"
"RMySQL","RMySQL","/Library/Frameworks/R.framework/Versions/4.1/Resources/library","0.10.22",NA,"R (>= 2.8.0), DBI (>= 0.4)","methods",NA,"RMariaDB, testthat, curl",NA,"GPL-2",NA,NA,NA,NA,"yes","4.1.0"
"roxygen2","roxygen2","/Library/Frameworks/R.framework/Versions/4.1/Resources/library","7.1.1",NA,"R (>= 3.2)","brew, commonmark, desc (>= 1.2.0), digest, knitr, methods,
pkgload (>= 1.0.2), purrr (>= 0.3.3), R6 (>= 2.1.2), Rcpp (>=
0.11.0), rlang, stringi, stringr (>= 1.0.0), utils, xml2","Rcpp","covr, devtools, rmarkdown, testthat (>= 2.1.0), R.methodsS3,
R.oo",NA,"GPL (>= 2)",NA,NA,NA,NA,"yes","4.1.0"
"rpart","rpart","/Library/Frameworks/R.framework/Versions/4.1/Resources/library","4.1-15","recommended","R (>= 2.15.0), graphics, stats, grDevices",NA,NA,"survival",NA,"GPL-2 | GPL-3",NA,NA,NA,NA,"yes","4.1.0"
"RPostgreSQL","RPostgreSQL","/Library/Frameworks/R.framework/Versions/4.1/Resources/library","0.7",NA,"R (>= 2.9.0), methods, DBI (>= 0.3)",NA,NA,NA,NA,"GPL-3 | file LICENSE",NA,NA,NA,NA,"yes","4.1.0"
"rprojroot","rprojroot","/Library/Frameworks/R.framework/Versions/4.1/Resources/library","2.0.2",NA,"R (>= 3.0.0)",NA,NA,"covr, knitr, lifecycle, mockr, rmarkdown, testthat (>=
3.0.0), withr",NA,"MIT + file LICENSE",NA,NA,NA,NA,"no","4.1.0"
"RSQLite","RSQLite","/Library/Frameworks/R.framework/Versions/4.1/Resources/library","2.2.7",NA,"R (>= 3.1.0)","bit64, blob (>= 1.2.0), DBI (>= 1.1.0), memoise, methods,
pkgconfig, Rcpp (>= 0.12.7)","plogr (>= 0.2.0), Rcpp","DBItest (>= 1.7.0), gert, gh, knitr, rmarkdown, hms, rvest,
testthat, xml2",NA,"LGPL (>= 2.1)",NA,NA,NA,NA,"yes","4.1.0"
"rstudioapi","rstudioapi","/Library/Frameworks/R.framework/Versions/4.1/Resources/library","0.13",NA,NA,NA,NA,"testthat, knitr, rmarkdown, clipr",NA,"MIT + file LICENSE",NA,NA,NA,NA,"no","4.1.0"
"rversions","rversions","/Library/Frameworks/R.framework/Versions/4.1/Resources/library","2.1.1",NA,NA,"curl, utils, xml2 (>= 1.0.0)",NA,"mockery, testthat",NA,"MIT + file LICENSE",NA,NA,NA,NA,"no","4.1.0"
"rvest","rvest","/Library/Frameworks/R.framework/Versions/4.1/Resources/library","1.0.1",NA,"R (>= 3.2)","httr (>= 0.5), lifecycle (>= 1.0.0), magrittr, rlang (>=
0.4.10), selectr, tibble, xml2 (>= 1.3)",NA,"covr, glue, knitr, readr, rmarkdown, repurrrsive, spelling,
stringi (>= 0.3.1), testthat (>= 3.0.2), webfakes",NA,"MIT + file LICENSE",NA,NA,NA,NA,"no","4.1.0"
"s2","s2","/Library/Frameworks/R.framework/Versions/4.1/Resources/library","1.0.6",NA,"R (>= 3.0.0)","Rcpp, wk","Rcpp, wk","testthat, vctrs",NA,"Apache License (== 2.0)",NA,NA,NA,NA,"yes","4.1.0"
"sass","sass","/Library/Frameworks/R.framework/Versions/4.1/Resources/library","0.4.0",NA,NA,"fs, rlang (>= 0.4.10), htmltools (>= 0.5.1), R6, rappdirs",NA,"testthat, knitr, rmarkdown, withr, shiny, curl",NA,"MIT + file LICENSE",NA,NA,NA,NA,"yes","4.1.0"
"scales","scales","/Library/Frameworks/R.framework/Versions/4.1/Resources/library","1.1.1",NA,"R (>= 3.2)","farver (>= 2.0.3), labeling, lifecycle, munsell (>= 0.5), R6,
RColorBrewer, viridisLite",NA,"bit64, covr, dichromat, ggplot2, hms (>= 0.5.0), testthat (>=
2.1.0)",NA,"MIT + file LICENSE",NA,NA,NA,NA,"no","4.1.0"
"selectr","selectr","/Library/Frameworks/R.framework/Versions/4.1/Resources/library","0.4-2",NA,"R (>= 3.0)","methods, stringr, R6",NA,"testthat, XML, xml2",NA,"BSD_3_clause + file LICENCE",NA,NA,NA,NA,"no","4.1.0"
"sessioninfo","sessioninfo","/Library/Frameworks/R.framework/Versions/4.1/Resources/library","1.1.1",NA,NA,"cli, tools, utils, withr",NA,"callr, covr, mockery, testthat",NA,"GPL-2",NA,NA,NA,NA,"no","4.1.0"
"sf","sf","/Library/Frameworks/R.framework/Versions/4.1/Resources/library","1.0-0",NA,"methods, R (>= 3.3.0)","classInt (>= 0.4-1), DBI (>= 0.8), graphics, grDevices, grid,
magrittr, Rcpp (>= 0.12.18), s2 (>= 1.0.5), stats, tools, units
(>= 0.6-0), utils","Rcpp","blob, covr, dplyr (>= 0.8-3), ggplot2, knitr, lwgeom (>=
0.2-1), maps, mapview, microbenchmark, odbc, pillar, pool,
raster, rgdal, rgeos, rlang, rmarkdown, RPostgres (>= 1.1.0),
RPostgreSQL, RSQLite, sp (>= 1.2-4), spatstat (>= 2.0-1),
spatstat.geom, spatstat.core, spatstat.linnet, spatstat.utils,
stars (>= 0.2-0), terra, testthat, tibble (>= 1.4.1), tidyr (>=
1.0-0), tidyselect (>= 1.0.0), tmap (>= 2.0), vctrs, wk",NA,"GPL-2 | MIT + file LICENSE",NA,NA,NA,NA,"yes","4.1.0"
"shiny","shiny","/Library/Frameworks/R.framework/Versions/4.1/Resources/library","1.6.0",NA,"R (>= 3.0.2), methods","utils, grDevices, httpuv (>= 1.5.2), mime (>= 0.3), jsonlite
(>= 0.9.16), xtable, digest (>= 0.6.25), htmltools (>=
0.5.0.9001), R6 (>= 2.0), sourcetools, later (>= 1.0.0),
promises (>= 1.1.0), tools, crayon, rlang (>= 0.4.9), fastmap
(>= 1.0.0), withr, commonmark (>= 1.7), glue (>= 1.3.2), bslib
(>= 0.2.2.9002), cachem, ellipsis, lifecycle (>= 0.2.0)",NA,"datasets, Cairo (>= 1.5-5), testthat (>= 2.1.1), knitr (>=
1.6), markdown, rmarkdown, ggplot2, reactlog (>= 1.0.0),
magrittr, shinytest (>= 1.4.0.9003), yaml, future, dygraphs,
ragg, showtext, sass",NA,"GPL-3 | file LICENSE",NA,NA,NA,NA,"no","4.1.0"
"sourcetools","sourcetools","/Library/Frameworks/R.framework/Versions/4.1/Resources/library","0.1.7",NA,"R (>= 3.0.2)",NA,NA,"testthat",NA,"MIT + file LICENSE",NA,NA,NA,NA,"yes","4.1.0"
"sp","sp","/Library/Frameworks/R.framework/Versions/4.1/Resources/library","1.4-5",NA,"R (>= 3.0.0), methods","utils, stats, graphics, grDevices, lattice, grid",NA,"RColorBrewer, rgdal (>= 1.2-3), rgeos (>= 0.3-13), gstat,
maptools, deldir",NA,"GPL (>= 2)",NA,NA,NA,NA,"yes","4.1.0"
"spatial","spatial","/Library/Frameworks/R.framework/Versions/4.1/Resources/library","7.3-14","recommended","R (>= 3.0.0), graphics, stats, utils",NA,NA,"MASS",NA,"GPL-2 | GPL-3",NA,NA,NA,NA,"yes","4.1.0"
"splines","splines","/Library/Frameworks/R.framework/Versions/4.1/Resources/library","4.1.0","base",NA,"graphics, stats",NA,"Matrix, methods",NA,"Part of R 4.1.0",NA,NA,NA,NA,"yes","4.1.0"
"srvyr","srvyr","/Library/Frameworks/R.framework/Versions/4.1/Resources/library","1.0.1",NA,"R (>= 3.1.2)","dplyr (>= 0.7), magrittr, rlang, survey, tibble, tidyr,
tidyselect",NA,"convey, DBI, dbplyr, ggplot2, knitr, laeken, Matrix,
rmarkdown (>= 2.2.2), pander, RSQLite, survival, testthat",NA,"GPL-2 | GPL-3",NA,NA,NA,NA,"no","4.1.0"
"stats","stats","/Library/Frameworks/R.framework/Versions/4.1/Resources/library","4.1.0","base",NA,"utils, grDevices, graphics",NA,"MASS, Matrix, SuppDists, methods, stats4",NA,"Part of R 4.1.0",NA,NA,NA,NA,"yes","4.1.0"
"stats4","stats4","/Library/Frameworks/R.framework/Versions/4.1/Resources/library","4.1.0","base",NA,"graphics, methods, stats",NA,NA,NA,"Part of R 4.1.0",NA,NA,NA,NA,NA,"4.1.0"
"stringi","stringi","/Library/Frameworks/R.framework/Versions/4.1/Resources/library","1.7.3",NA,"R (>= 3.1)","tools, utils, stats",NA,NA,NA,"file LICENSE","yes",NA,NA,NA,"yes","4.1.0"
"stringr","stringr","/Library/Frameworks/R.framework/Versions/4.1/Resources/library","1.4.0",NA,"R (>= 3.1)","glue (>= 1.2.0), magrittr, stringi (>= 1.1.7)",NA,"covr, htmltools, htmlwidgets, knitr, rmarkdown, testthat",NA,"GPL-2 | file LICENSE",NA,NA,NA,NA,"no","4.1.0"
"styler","styler","/Library/Frameworks/R.framework/Versions/4.1/Resources/library","1.5.1",NA,NA,"backports (>= 1.1.0), cli (>= 1.1.0), magrittr (>= 2.0.0),
purrr (>= 0.2.3), R.cache (>= 0.15.0), rematch2 (>= 2.0.1),
rlang (>= 0.1.1), rprojroot (>= 1.1), tibble (>= 1.4.2), tools,
withr (>= 1.0.0), xfun (>= 0.1)",NA,"data.tree (>= 0.1.6), digest, dplyr, here, knitr, prettycode,
rmarkdown, roxygen2, rstudioapi (>= 0.7), testthat (>= 2.1.0)",NA,"MIT + file LICENSE",NA,NA,NA,NA,"no","4.1.0"
"survey","survey","/Library/Frameworks/R.framework/Versions/4.1/Resources/library","4.1-1",NA,"R (>= 3.5.0), grid, methods, Matrix, survival","stats, graphics, splines, lattice, minqa, numDeriv, mitools
(>= 2.4)",NA,"foreign, MASS, KernSmooth, hexbin, RSQLite, quantreg,
parallel, CompQuadForm, DBI, AER",NA,"GPL-2 | GPL-3",NA,NA,NA,NA,"no","4.1.0"
"survival","survival","/Library/Frameworks/R.framework/Versions/4.1/Resources/library","3.2-11","recommended","R (>= 3.5.0)","graphics, Matrix, methods, splines, stats, utils",NA,NA,NA,"LGPL (>= 2)",NA,NA,NA,NA,"yes","4.1.0"
"sys","sys","/Library/Frameworks/R.framework/Versions/4.1/Resources/library","3.4",NA,NA,NA,NA,"unix (>= 1.4), spelling, testthat",NA,"MIT + file LICENSE",NA,NA,NA,NA,"yes","4.1.0"
"tcltk","tcltk","/Library/Frameworks/R.framework/Versions/4.1/Resources/library","4.1.0","base",NA,"utils",NA,NA,NA,"Part of R 4.1.0",NA,NA,NA,NA,"yes","4.1.0"
"testthat","testthat","/Library/Frameworks/R.framework/Versions/4.1/Resources/library","3.0.4",NA,"R (>= 3.1)","brio, callr (>= 3.5.1), cli (>= 2.2.0), crayon (>= 1.3.4),
desc, digest, ellipsis (>= 0.2.0), evaluate, jsonlite,
lifecycle, magrittr, methods, pkgload, praise, processx, ps (>=
1.3.4), R6 (>= 2.2.0), rlang (>= 0.4.9), utils, waldo (>=
0.2.4), withr (>= 2.3.0)",NA,"covr, curl (>= 0.9.5), diffviewer (>= 0.1.0), knitr, mockery,
rmarkdown, rstudioapi, shiny, usethis, vctrs (>= 0.1.0), xml2",NA,"MIT + file LICENSE",NA,NA,NA,NA,"yes","4.1.0"
"tibble","tibble","/Library/Frameworks/R.framework/Versions/4.1/Resources/library","3.1.3",NA,"R (>= 3.1.0)","ellipsis (>= 0.3.2), fansi (>= 0.4.0), lifecycle (>= 0.2.0),
magrittr, methods, pillar (>= 1.6.0), pkgconfig, rlang (>=
0.4.3), utils, vctrs (>= 0.3.8)",NA,"bench, bit64, blob, cli, covr, crayon (>= 1.3.4), DiagrammeR,
dplyr, evaluate, formattable, ggplot2, hms, htmltools, knitr,
lubridate, mockr, nycflights13, purrr, rmarkdown, testthat (>=
3.0.2), tidyr, withr",NA,"MIT + file LICENSE",NA,NA,NA,NA,"yes","4.1.0"
"tidycensus","tidycensus","/Library/Frameworks/R.framework/Versions/4.1/Resources/library","1.0",NA,"R (>= 3.3.0)","httr, sf, dplyr (>= 1.0.0), tigris, stringr, jsonlite (>=
1.5.0), purrr, rvest, tidyr (>= 1.0.0), rappdirs, readr, xml2,
units, utils, rlang",NA,"ggplot2, survey, srvyr",NA,"MIT + file LICENSE",NA,NA,NA,NA,"no","4.1.0"
"tidyr","tidyr","/Library/Frameworks/R.framework/Versions/4.1/Resources/library","1.1.3",NA,"R (>= 3.1)","dplyr (>= 0.8.2), ellipsis (>= 0.1.0), glue, lifecycle,
magrittr, purrr, rlang, tibble (>= 2.1.1), tidyselect (>=
1.1.0), utils, vctrs (>= 0.3.6)","cpp11 (>= 0.2.6)","covr, data.table, jsonlite, knitr, readr, repurrrsive (>=
1.0.0), rmarkdown, testthat (>= 3.0.0)",NA,"MIT + file LICENSE",NA,NA,NA,NA,"yes","4.1.0"
"tidyselect","tidyselect","/Library/Frameworks/R.framework/Versions/4.1/Resources/library","1.1.1",NA,"R (>= 3.2)","ellipsis, glue (>= 1.3.0), purrr (>= 0.3.2), rlang (>= 0.4.6),
vctrs (>= 0.3.0)",NA,"covr, crayon, dplyr, knitr, magrittr, rmarkdown, testthat (>=
2.3.0), tibble (>= 2.1.3), withr",NA,"MIT + file LICENSE",NA,NA,NA,NA,"yes","4.1.0"
"tidyverse","tidyverse","/Library/Frameworks/R.framework/Versions/4.1/Resources/library","1.3.1",NA,"R (>= 3.3)","broom (>= 0.7.6), cli (>= 2.4.0), crayon (>= 1.4.1), dbplyr
(>= 2.1.1), dplyr (>= 1.0.5), dtplyr (>= 1.1.0), forcats (>=
0.5.1), googledrive (>= 1.0.1), googlesheets4 (>= 0.3.0),
ggplot2 (>= 3.3.3), haven (>= 2.3.1), hms (>= 1.0.0), httr (>=
1.4.2), jsonlite (>= 1.7.2), lubridate (>= 1.7.10), magrittr
(>= 2.0.1), modelr (>= 0.1.8), pillar (>= 1.6.0), purrr (>=
0.3.4), readr (>= 1.4.0), readxl (>= 1.3.1), reprex (>= 2.0.0),
rlang (>= 0.4.10), rstudioapi (>= 0.13), rvest (>= 1.0.0),
stringr (>= 1.4.0), tibble (>= 3.1.0), tidyr (>= 1.1.3), xml2
(>= 1.3.2)",NA,"covr, feather, glue, knitr, rmarkdown, testthat",NA,"MIT + file LICENSE",NA,NA,NA,NA,"no","4.1.0"
"tigris","tigris","/Library/Frameworks/R.framework/Versions/4.1/Resources/library","1.4.1",NA,"R (>= 3.3.0)","stringr, magrittr, rgdal, sp, utils, rappdirs, maptools, httr,
uuid, sf, dplyr, methods",NA,"testthat, ggplot2, ggthemes, leaflet, knitr, rgeos,
tidycensus",NA,"MIT + file LICENSE",NA,NA,NA,NA,"no","4.1.0"
"tinytex","tinytex","/Library/Frameworks/R.framework/Versions/4.1/Resources/library","0.32",NA,NA,"xfun (>= 0.23)",NA,"testit, rstudioapi",NA,"MIT + file LICENSE",NA,NA,NA,NA,"no","4.1.0"
"tools","tools","/Library/Frameworks/R.framework/Versions/4.1/Resources/library","4.1.0","base",NA,NA,NA,"codetools, methods, xml2, curl, commonmark",NA,"Part of R 4.1.0",NA,NA,NA,NA,"yes","4.1.0"
"tzdb","tzdb","/Library/Frameworks/R.framework/Versions/4.1/Resources/library","0.1.2",NA,"R (>= 3.3)",NA,"cpp11 (>= 0.2.7)","covr, testthat (>= 3.0.0)",NA,"MIT + file LICENSE",NA,NA,NA,NA,"yes","4.1.0"
"units","units","/Library/Frameworks/R.framework/Versions/4.1/Resources/library","0.7-2",NA,"R (>= 3.0.2)","Rcpp","Rcpp (>= 0.12.10)","udunits2, NISTunits, measurements, xml2, magrittr, pillar (>=
1.3.0), dplyr (>= 1.0.0), vctrs (>= 0.3.1), knitr, testthat (>=
3.0.0), ggforce, rmarkdown",NA,"GPL-2",NA,NA,NA,NA,"yes","4.1.0"
"usethis","usethis","/Library/Frameworks/R.framework/Versions/4.1/Resources/library","2.0.1",NA,"R (>= 3.2)","cli, clipr (>= 0.3.0), crayon, curl (>= 2.7), desc, fs (>=
1.3.0), gert (>= 1.0.2), gh (>= 1.2.0), glue (>= 1.3.0),
jsonlite, lifecycle, purrr, rappdirs, rlang (>= 0.4.10),
rprojroot (>= 1.2), rstudioapi, stats, utils, whisker, withr
(>= 2.3.0), yaml",NA,"covr, knitr, magick, mockr, rmarkdown, roxygen2, spelling (>=
1.2), styler (>= 1.2.0), testthat (>= 3.0.0)",NA,"MIT + file LICENSE",NA,NA,NA,NA,"no","4.1.0"
"usmap","usmap","/Library/Frameworks/R.framework/Versions/4.1/Resources/library","0.5.2",NA,"R (>= 3.5.0)","utils",NA,"covr, ggplot2, ggrepel, knitr, maptools, proto, rgdal,
rmarkdown, scales, sp, stringr, testthat",NA,"GPL-3 | file LICENSE",NA,NA,NA,NA,"no","4.1.0"
"utf8","utf8","/Library/Frameworks/R.framework/Versions/4.1/Resources/library","1.2.2",NA,"R (>= 2.10)",NA,NA,"cli, covr, knitr, rlang, rmarkdown, testthat (>= 3.0.0),
withr",NA,"Apache License (== 2.0) | file LICENSE",NA,NA,NA,NA,"yes","4.1.0"
"utils","utils","/Library/Frameworks/R.framework/Versions/4.1/Resources/library","4.1.0","base",NA,NA,NA,"methods, xml2, commonmark",NA,"Part of R 4.1.0",NA,NA,NA,NA,"yes","4.1.0"
"uuid","uuid","/Library/Frameworks/R.framework/Versions/4.1/Resources/library","0.1-4",NA,"R (>= 2.9.0)",NA,NA,NA,NA,"MIT + file LICENSE",NA,NA,NA,NA,"yes","4.1.0"
"vctrs","vctrs","/Library/Frameworks/R.framework/Versions/4.1/Resources/library","0.3.8",NA,"R (>= 3.3)","ellipsis (>= 0.2.0), glue, rlang (>= 0.4.10)",NA,"bit64, covr, crayon, dplyr (>= 0.8.5), generics, knitr,
pillar (>= 1.4.4), pkgdown, rmarkdown, testthat (>= 2.3.0),
tibble, withr, xml2, waldo (>= 0.2.0), zeallot",NA,"MIT + file LICENSE",NA,NA,NA,NA,"yes","4.1.0"
"viridisLite","viridisLite","/Library/Frameworks/R.framework/Versions/4.1/Resources/library","0.4.0",NA,"R (>= 2.10)",NA,NA,"hexbin (>= 1.27.0), ggplot2 (>= 1.0.1), testthat, covr",NA,"MIT + file LICENSE",NA,NA,NA,NA,"no","4.1.0"
"vroom","vroom","/Library/Frameworks/R.framework/Versions/4.1/Resources/library","1.5.3",NA,"R (>= 3.1)","bit64, crayon, cli, glue, hms, lifecycle, methods, rlang (>=
0.4.2), stats, tibble (>= 2.0.0), tzdb (>= 0.1.1), vctrs (>=
0.2.0), tidyselect, withr","progress (>= 1.2.1), cpp11 (>= 0.2.0), tzdb (>= 0.1.1)","archive, bench (>= 1.1.0), covr, curl, dplyr, forcats, fs,
ggplot2, knitr, patchwork, prettyunits, purrr, rmarkdown,
rstudioapi, scales, spelling, testthat (>= 2.1.0), tidyr,
waldo, xml2",NA,"MIT + file LICENSE",NA,NA,NA,NA,"yes","4.1.0"
"waldo","waldo","/Library/Frameworks/R.framework/Versions/4.1/Resources/library","0.2.5",NA,NA,"cli, diffobj, fansi, glue, methods, rematch2, rlang (>=
0.4.10), tibble",NA,"testthat (>= 3.0.0), covr, R6",NA,"MIT + file LICENSE",NA,NA,NA,NA,"no","4.1.0"
"whisker","whisker","/Library/Frameworks/R.framework/Versions/4.1/Resources/library","0.4",NA,NA,NA,NA,"markdown",NA,"GPL-3",NA,NA,NA,NA,"no","4.1.0"
"withr","withr","/Library/Frameworks/R.framework/Versions/4.1/Resources/library","2.4.2",NA,"R (>= 3.2.0)","graphics, grDevices, stats",NA,"covr, DBI, knitr, lattice, methods, rmarkdown, RSQLite,
testthat (>= 2.1.0)",NA,"MIT + file LICENSE",NA,NA,NA,NA,"no","4.1.0"
"wk","wk","/Library/Frameworks/R.framework/Versions/4.1/Resources/library","0.5.0",NA,NA,NA,"cpp11","testthat (>= 3.0.0), vctrs (>= 0.3.0), sf, tibble",NA,"MIT + file LICENSE",NA,NA,NA,NA,"yes","4.1.0"
"xfun","xfun","/Library/Frameworks/R.framework/Versions/4.1/Resources/library","0.24",NA,NA,"stats, tools",NA,"testit, parallel, codetools, rstudioapi, tinytex (>= 0.30),
mime, markdown, knitr, htmltools, remotes, pak, renv, curl,
jsonlite, rmarkdown",NA,"MIT + file LICENSE",NA,NA,NA,NA,"yes","4.1.0"
"xml2","xml2","/Library/Frameworks/R.framework/Versions/4.1/Resources/library","1.3.2",NA,"R (>= 3.1.0)","methods",NA,"covr, curl, httr, knitr, magrittr, mockery, rmarkdown,
testthat (>= 2.1.0)",NA,"GPL (>= 2)",NA,NA,NA,NA,"yes","4.1.0"
"xopen","xopen","/Library/Frameworks/R.framework/Versions/4.1/Resources/library","1.0.0",NA,"R (>= 3.1)","processx",NA,"ps, testthat",NA,"MIT + file LICENSE",NA,NA,NA,NA,"no","4.1.0"
"xtable","xtable","/Library/Frameworks/R.framework/Versions/4.1/Resources/library","1.8-4",NA,"R (>= 2.10.0)","stats, utils",NA,"knitr, plm, zoo, survival",NA,"GPL (>= 2)",NA,NA,NA,NA,"no","4.1.0"
"yaml","yaml","/Library/Frameworks/R.framework/Versions/4.1/Resources/library","2.2.1",NA,NA,NA,NA,"RUnit",NA,"BSD_3_clause + file LICENSE",NA,NA,NA,NA,"yes","4.1.0"
"zip","zip","/Library/Frameworks/R.framework/Versions/4.1/Resources/library","2.2.0",NA,NA,NA,NA,"covr, processx, R6, testthat, withr",NA,"MIT + file LICENSE",NA,NA,NA,NA,"yes","4.1.0"
